Date,ALPHA,AUTOBEES,BANKBEES,BFSI,CPSEETF,FINIETF,FMCGIETF,GILT5YBEES,GOLDBEES,HDFCSML250,HEALTHIETF,ICICIB22,INFRAIETF,ITBEES,JUNIORBEES,LIQUIDCASE,LOWVOLIETF,LTGILTBEES,MAKEINDIA,METALIETF,MID150BEES,MOCAPITAL,MODEFENCE,NIFTYBEES,PHARMABEES,PSUBNKBEES,PVTBANIETF,SILVERBEES,TNIDETF
01-Jun-2022,0.0,0.0,0.0,0.0,0.01,0.0,0.0,0.0,0.0,0.0,0.0,-0.0,0.0,0.0,0.0,0.0,22.26,0.0,0.0,0.0,0.0,0.0,0.0,0.0,0.0,-0.0,0.0,0.0,0.0
06-Jun-2022,0.0,0.0,0.0,0.0,-28.5,0.0,0.0,0.0,1102.56,0.0,0.0,-660.8,0.0,0.0,0.0,0.0,-942.59,0.0,0.0,0.0,0.0,0.0,0.0,0.0,0.0,-600.61,0.0,0.0,0.0
13-Jun-2022,0.0,0.0,0.0,0.0,-1966.5,0.0,0.0,0.0,1538.99,0.0,0.0,-3902.85,0.0,0.0,0.0,0.0,-4096.94,0.0,0.0,0.0,0.0,0.0,0.0,-0.0,0.0,-4486.91,0.0,0.0,0.0
20-Jun-2022,0.0,0.0,0.0,0.0,-10374.0,0.0,0.0,0.0,689.1,0.0,0.0,-9313.15,0.0,0.0,0.0,0.0,-7006.37,0.0,0.0,0.0,0.0,0.0,0.0,-2535.36,0.0,-4486.91,0.0,0.0,0.0
27-Jun-2022,0.0,0.0,0.0,0.0,-7581.01,0.0,0.0,0.0,803.95,0.0,0.0,-6174.35,0.0,0.0,0.0,0.0,-3607.09,0.0,0.0,0.0,0.0,0.0,0.0,417.0,0.0,-4486.91,0.0,0.0,0.0
04-Jul-2022,0.0,0.0,0.0,0.0,-10402.5,0.0,0.0,0.0,2664.52,0.0,0.0,-4687.55,0.0,0.0,0.0,0.0,-2746.14,0.0,0.0,0.0,0.0,0.0,0.0,422.56,0.0,-4486.91,0.0,0.0,0.0
11-Jul-2022,0.0,0.0,0.0,0.0,-8664.0,0.0,0.0,0.0,91.88,0.0,0.0,-1631.35,0.0,0.0,0.0,0.0,-1194.94,0.0,0.0,0.0,0.0,0.0,0.0,2424.16,0.0,-4486.91,0.0,0.0,0.0
18-Jul-2022,0.0,0.0,0.0,0.0,-6840.0,0.0,0.0,0.0,68.91,0.0,0.0,-598.85,0.0,0.0,0.0,0.0,-883.22,0.0,0.0,0.0,0.0,0.0,0.0,3069.12,0.0,-4486.91,0.0,0.0,0.0
25-Jul-2022,0.0,0.0,0.0,0.0,-5643.0,0.0,0.0,0.0,183.76,0.0,0.0,2209.55,0.0,0.0,0.0,0.0,742.2,0.0,0.0,0.0,0.0,0.0,0.0,5332.04,0.0,-4486.91,0.0,0.0,0.0
01-Aug-2022,0.0,0.0,0.0,0.0,-1140.0,0.0,0.0,0.0,1607.9,0.0,0.0,5327.7,0.0,0.0,0.0,0.0,3339.9,0.0,0.0,0.0,0.0,0.0,0.0,9318.56,0.0,-4486.91,0.0,0.0,0.0
08-Aug-2022,0.0,0.0,0.0,0.0,-484.5,0.0,0.0,0.0,2526.7,0.0,0.0,5699.4,0.0,0.0,0.0,0.0,4913.36,0.0,0.0,0.0,0.0,0.0,0.0,10519.52,0.0,-4486.91,0.0,0.0,0.0
15-Aug-2022,0.0,0.0,0.0,0.0,-484.5,0.0,0.0,0.0,2526.7,0.0,0.0,5699.4,0.0,0.0,0.0,0.0,4913.36,0.0,0.0,0.0,0.0,0.0,0.0,10519.52,0.0,-4486.91,0.0,0.0,0.0
22-Aug-2022,0.0,0.0,0.0,0.0,456.0,0.0,165.36,0.0,1079.59,0.0,0.0,6504.75,0.0,0.0,0.0,0.0,4846.57,0.0,0.0,0.0,0.0,0.0,0.0,12354.32,0.0,-4486.91,0.0,0.0,0.0
29-Aug-2022,0.0,0.0,0.0,0.0,4104.0,0.0,-12.34,0.0,758.01,0.0,0.0,7826.35,0.0,0.0,0.0,0.0,4260.23,0.0,0.0,0.0,0.0,0.0,0.0,12354.32,0.0,-4486.91,0.0,0.0,0.0
05-Sep-2022,0.0,0.0,0.0,0.0,5472.0,0.0,2102.74,0.0,758.01,0.0,0.0,10861.9,0.0,0.0,0.0,0.0,4995.0,0.0,0.0,0.0,0.0,0.0,0.0,12354.32,0.0,-832.45,0.0,0.0,0.0
12-Sep-2022,0.0,0.0,0.0,0.0,6042.0,0.0,2450.72,0.0,758.01,0.0,0.0,12555.2,0.0,0.0,0.0,0.0,6909.88,0.0,0.0,0.0,0.0,0.0,0.0,12354.32,0.0,3874.99,0.0,0.0,0.0
19-Sep-2022,0.0,0.0,0.0,0.0,6640.5,0.0,1739.94,0.0,758.01,0.0,0.0,12266.1,0.0,0.0,0.0,0.0,3725.84,0.0,0.0,0.0,0.0,0.0,0.0,12354.32,0.0,5330.58,4.98,0.0,0.0
26-Sep-2022,0.0,0.0,0.0,0.0,-1510.5,0.0,2546.98,0.0,758.01,0.0,0.0,6153.7,0.0,0.0,0.0,0.0,3725.84,0.0,0.0,0.0,0.0,0.0,0.0,12354.32,0.0,-3929.45,-5953.49,0.0,0.0
03-Oct-2022,0.0,0.0,0.0,0.0,-85.5,0.0,1712.79,0.0,758.01,0.0,0.0,5224.45,0.0,0.0,0.0,0.0,3725.84,0.0,0.0,0.0,0.0,0.0,0.0,12354.32,0.0,-5106.31,-6974.8,0.0,0.0
10-Oct-2022,0.0,0.0,0.0,0.0,2992.5,0.0,900.82,0.0,758.01,0.0,0.0,8817.55,0.0,0.0,0.0,0.0,3725.84,0.0,0.0,0.0,0.0,0.0,0.0,12354.32,0.0,-2473.87,-3482.42,0.0,0.0
17-Oct-2022,0.0,0.0,0.0,0.0,3277.5,0.0,772.48,0.0,758.01,0.0,0.0,9189.25,0.0,0.0,0.0,0.0,3725.84,0.0,0.0,0.0,0.0,0.0,0.0,12354.32,0.0,-615.66,-1454.74,0.0,0.0
24-Oct-2022,0.0,0.0,0.0,0.0,5472.0,0.0,3173.85,0.0,758.01,0.0,0.0,13298.6,0.0,0.0,0.0,0.0,3725.84,0.0,0.0,0.0,0.0,0.0,0.0,12354.32,0.0,9945.11,1534.46,0.0,0.0
31-Oct-2022,0.0,0.0,0.0,0.0,8322.0,0.0,3383.63,0.0,758.01,0.0,0.0,15694.0,0.0,0.0,0.0,0.0,3725.84,0.0,0.0,0.0,0.0,0.0,0.0,12354.32,0.0,13320.84,846.94,0.0,0.0
07-Nov-2022,0.0,0.0,0.0,0.0,10773.0,0.0,4657.12,0.0,758.01,0.0,0.0,17387.3,0.0,0.0,0.0,0.0,3725.84,0.0,0.0,0.0,0.0,0.0,0.0,12354.32,0.0,21744.69,996.4,0.0,0.0
14-Nov-2022,0.0,0.0,0.0,0.0,8407.5,0.0,2724.67,0.0,758.01,0.0,0.0,15652.7,0.0,0.0,0.0,0.0,3725.84,0.0,0.0,0.0,0.0,0.0,0.0,12354.32,0.0,23417.06,1982.84,0.0,0.0
21-Nov-2022,0.0,0.0,0.0,0.0,8265.0,0.0,2339.67,0.0,758.01,0.0,0.0,15239.7,0.0,0.0,0.0,0.0,3725.84,0.0,0.0,0.0,0.0,0.0,0.0,12354.32,0.0,28991.67,2540.82,0.0,0.0
28-Nov-2022,0.0,0.0,0.0,0.0,10488.0,0.0,3386.1,0.0,758.01,0.0,0.0,17903.55,0.0,0.0,0.0,0.0,3725.84,0.0,0.0,0.0,0.0,0.0,0.0,12354.32,0.0,34039.77,4364.23,0.0,0.0
05-Dec-2022,0.0,0.0,0.0,0.0,11941.5,0.0,6113.24,0.0,758.01,0.0,0.0,18915.4,0.0,0.0,0.0,0.0,3725.84,0.0,0.0,0.0,0.0,0.0,0.0,12354.32,0.0,37539.38,5310.81,0.0,0.0
12-Dec-2022,0.0,0.0,0.0,0.0,10003.5,0.0,8578.77,0.0,758.01,0.0,0.0,20051.15,0.0,0.0,0.0,0.0,3725.84,0.0,0.0,0.0,0.0,0.0,0.0,12354.32,0.0,44074.05,6018.26,0.0,0.0
19-Dec-2022,0.0,0.0,0.0,0.0,10260.0,0.0,7927.22,0.0,758.01,0.0,0.0,20422.85,0.0,0.0,0.0,0.0,3725.84,0.0,0.0,0.0,0.0,0.0,0.0,12354.32,0.0,43826.29,5858.83,0.0,0.0
26-Dec-2022,0.0,0.0,0.0,0.0,6555.0,0.0,5089.02,0.0,758.01,0.0,0.0,16994.95,0.0,0.0,0.0,0.0,3725.84,0.0,0.0,0.0,0.0,0.0,0.0,12354.32,0.0,38623.33,3377.79,0.0,0.0
02-Jan-2023,0.0,0.0,0.0,0.0,9690.0,0.0,3605.75,0.0,758.01,0.0,0.0,19121.9,0.0,0.0,0.0,0.0,3725.84,0.0,0.0,0.0,0.0,0.0,0.0,12354.32,0.0,44197.94,4982.0,0.0,0.0
09-Jan-2023,0.0,0.0,0.0,0.0,7638.0,0.0,4891.58,0.0,758.01,0.0,0.0,19431.65,0.0,0.0,0.0,0.0,3725.84,0.0,0.0,0.0,0.0,0.0,0.0,12354.32,0.0,43113.98,3258.23,0.0,0.0
16-Jan-2023,0.0,0.0,0.0,0.0,7923.0,0.0,3270.1,0.0,758.01,0.0,0.0,18646.95,0.0,0.0,0.0,0.0,3725.84,0.0,0.0,0.0,0.0,0.0,0.0,12354.32,0.0,44043.08,2246.88,0.0,0.0
23-Jan-2023,0.0,0.0,0.0,0.0,11542.5,0.0,3573.67,0.0,758.01,0.0,0.0,21517.3,0.0,0.0,0.0,0.0,3725.84,0.0,0.0,0.0,0.0,0.0,0.0,12354.32,0.0,40698.32,3826.17,0.0,0.0
30-Jan-2023,0.0,0.0,0.0,0.0,7353.0,0.0,3889.57,0.0,758.01,0.0,0.0,16478.7,0.0,0.0,0.0,0.0,3725.84,0.0,0.0,0.0,0.0,0.0,0.0,12354.32,0.0,26699.88,-1738.71,0.0,0.0
06-Feb-2023,0.0,0.0,0.0,0.0,7324.5,0.0,8620.72,0.0,758.01,0.0,0.0,19741.4,0.0,0.0,0.0,0.0,3725.84,0.0,0.0,0.0,0.0,0.0,0.0,12354.32,0.0,28650.99,841.96,0.0,0.0
13-Feb-2023,0.0,0.0,0.0,0.0,8806.49,0.0,6868.45,0.0,758.01,0.0,0.0,19369.7,0.0,0.0,0.0,0.0,3725.84,0.0,0.0,0.0,0.0,0.0,0.0,12354.32,0.0,26018.54,413.51,0.0,0.0
20-Feb-2023,0.0,0.0,0.0,0.0,10516.5,0.0,7310.22,0.0,758.01,0.0,0.0,20835.85,0.0,0.0,0.0,0.0,3725.84,0.0,0.0,0.0,0.0,0.0,0.0,12354.32,0.0,24222.28,-946.58,0.0,0.0
27-Feb-2023,0.0,0.0,0.0,0.0,12397.5,0.0,6113.24,0.0,758.01,0.0,0.0,19927.25,0.0,0.0,0.0,0.0,3725.84,0.0,0.0,0.0,0.0,0.0,0.0,12354.32,0.0,19886.48,-1967.89,0.0,0.0
06-Mar-2023,0.0,0.0,0.0,0.0,15447.0,0.0,7729.77,0.0,758.01,0.0,0.0,23479.05,0.0,0.0,0.0,0.0,3725.84,0.0,0.0,0.0,0.0,0.0,0.0,12354.32,0.0,30664.04,-84.7,0.0,0.0
13-Mar-2023,0.0,0.0,0.0,0.0,14221.5,0.0,6209.48,0.0,758.01,0.0,0.0,21641.2,0.0,0.0,0.0,0.0,3725.84,0.0,0.0,0.0,0.0,0.0,0.0,12354.32,0.0,23448.03,-4259.61,0.0,0.0
20-Mar-2023,0.0,0.0,0.0,0.0,13167.0,0.0,6851.17,0.0,758.01,0.0,0.0,21476.0,0.0,0.0,0.0,0.0,3725.84,0.0,0.0,0.0,0.0,0.0,0.0,12354.32,0.0,18957.38,-5330.74,0.0,0.0
27-Mar-2023,0.0,0.0,0.0,0.0,9975.01,0.0,6868.45,0.0,758.01,0.0,0.0,19638.15,0.0,0.0,0.0,0.0,3725.84,0.0,0.0,0.0,0.0,0.0,0.0,12354.32,0.0,17285.0,-4907.27,0.0,0.0
03-Apr-2023,0.0,0.0,0.0,0.0,14107.5,0.0,7751.98,0.0,758.01,0.0,0.0,21620.55,0.0,0.0,0.0,0.0,3725.84,0.0,0.0,0.0,0.0,0.0,0.0,12354.32,0.0,23293.19,-1325.21,0.0,0.0
10-Apr-2023,0.0,0.0,0.0,0.0,15675.01,0.0,8588.64,0.0,758.01,0.0,0.0,23706.2,0.0,0.0,0.0,0.0,3725.84,0.0,0.0,0.0,0.0,0.0,0.0,12354.32,0.0,21992.44,-1454.74,0.0,0.0
17-Apr-2023,0.0,0.0,0.0,0.0,17670.0,0.0,10590.19,0.0,758.01,0.0,0.0,24738.7,0.0,0.0,0.0,0.0,3725.84,0.0,0.0,0.0,0.0,0.0,0.0,12354.32,0.0,29549.11,1639.08,0.0,0.0
24-Apr-2023,0.0,0.0,0.0,0.0,17071.5,0.0,11382.41,0.0,758.01,0.0,0.0,25771.2,0.0,0.0,0.0,0.0,3725.84,0.0,0.0,0.0,0.0,0.0,0.0,12354.32,0.0,31097.61,2545.8,0.0,0.0
01-May-2023,0.0,0.0,0.0,0.0,17071.5,0.0,11382.41,0.0,758.01,0.0,0.0,25771.2,0.0,0.0,0.0,0.0,3725.84,0.0,0.0,0.0,0.0,0.0,0.0,12354.32,0.0,31097.61,2545.8,0.0,0.0
08-May-2023,0.0,0.0,0.0,0.0,21660.0,0.0,15375.64,0.0,758.01,0.0,0.0,31078.25,0.0,0.0,0.0,0.0,3725.84,0.0,0.0,0.0,0.0,0.0,0.0,12354.32,0.0,35743.11,3930.79,0.0,0.0
15-May-2023,0.0,0.0,0.0,0.0,21517.5,0.0,17917.68,0.0,758.01,0.0,0.0,30231.6,0.0,0.0,0.0,0.0,3725.84,0.0,0.0,0.0,0.0,0.0,0.0,12354.32,0.0,32336.42,6621.08,0.0,0.0
22-May-2023,0.0,-32.85,0.0,0.0,21004.5,0.0,16784.86,0.0,758.01,0.0,0.0,29199.1,0.0,0.0,0.0,0.0,3725.84,0.0,0.0,0.0,0.0,0.0,0.0,12354.32,0.0,31314.42,6586.2,0.0,0.0
29-May-2023,0.0,2574.47,0.0,0.0,20890.5,0.0,20899.03,0.0,758.01,0.0,0.0,31677.1,0.0,0.0,0.0,0.0,3725.84,0.0,0.0,0.0,0.0,0.0,0.0,12354.32,0.0,32893.88,6586.2,0.0,0.0
05-Jun-2023,0.0,5349.83,0.0,0.0,19608.0,0.0,21989.88,0.0,758.01,0.0,0.0,32028.15,0.0,0.0,0.0,0.0,3725.84,0.0,0.0,0.0,0.0,0.0,0.0,12354.32,0.0,35123.72,6586.2,0.0,0.0
12-Jun-2023,0.0,6167.27,0.0,0.0,22429.5,0.0,21170.5,0.0,758.01,0.0,0.0,34588.75,0.0,0.0,0.0,0.0,3725.84,0.0,0.0,0.0,0.0,0.0,0.0,12354.32,0.0,34349.47,6586.2,0.0,0.0
19-Jun-2023,0.0,6185.5,0.0,0.0,23768.99,0.0,24628.17,0.0,758.01,0.0,0.0,36240.75,0.0,0.0,0.0,0.0,3725.84,0.0,0.0,0.0,0.0,0.0,0.0,12354.32,0.0,35154.69,6586.2,0.0,0.0
26-Jun-2023,0.0,6507.61,0.0,0.0,23170.5,0.0,23727.36,0.0,758.01,0.0,0.0,34423.54,0.0,0.0,0.0,0.0,3725.84,0.0,0.0,0.0,0.0,0.0,0.0,12354.32,0.0,32212.54,6586.2,0.0,0.0
03-Jul-2023,0.0,9588.1,0.0,0.0,25935.0,0.0,26136.12,0.0,758.01,0.0,0.0,38677.45,0.0,0.0,0.0,0.0,3725.84,0.0,0.0,0.0,0.0,0.0,0.0,12354.32,0.0,41286.75,6586.2,0.0,0.0
10-Jul-2023,0.0,12013.15,0.0,0.0,26647.5,0.0,25955.96,0.0,758.01,0.0,0.0,39462.15,0.0,0.0,0.0,0.0,3725.84,0.0,0.0,0.0,0.0,0.0,0.0,12354.32,0.0,47294.94,6586.2,0.0,0.0
17-Jul-2023,0.0,13275.69,0.0,0.0,26334.0,0.0,28231.45,0.0,758.01,0.0,0.0,40040.34,0.0,0.0,0.0,0.0,3725.84,0.0,0.0,0.0,0.0,0.0,0.0,12354.32,0.0,49122.17,6586.2,0.0,0.0
24-Jul-2023,0.0,13993.63,0.0,0.0,29241.0,0.0,26644.53,0.0,758.01,0.0,0.0,43571.49,0.0,0.0,0.0,0.0,3725.84,0.0,0.0,0.0,0.0,0.0,0.0,12354.32,0.0,52374.01,6586.2,0.0,0.0
31-Jul-2023,3594.71,14843.22,0.0,0.0,29241.0,0.0,26326.16,0.0,758.01,0.0,11934.78,47536.31,0.0,0.0,0.0,0.0,3725.84,0.0,0.0,0.0,0.0,0.0,0.0,12354.32,0.0,53922.51,6586.2,0.0,0.0
07-Aug-2023,2140.67,12529.79,0.0,0.0,29241.0,0.0,26326.16,0.0,758.01,0.0,11934.78,44087.74,0.0,0.0,0.0,0.0,3725.84,0.0,0.0,0.0,0.0,0.0,0.0,12354.32,0.0,46551.65,6586.2,0.0,0.0
14-Aug-2023,1373.26,12141.34,0.0,0.0,29241.0,0.0,26326.16,0.0,758.01,0.0,11934.78,43984.5,0.0,0.0,0.0,0.0,3725.84,0.0,0.0,0.0,0.0,0.0,0.0,12354.32,0.0,50608.72,6586.2,0.0,0.0
21-Aug-2023,2181.06,12929.14,0.0,0.0,29241.0,0.0,26326.16,0.0,758.01,0.0,11934.78,44294.26,0.0,0.0,0.0,0.0,3725.84,0.0,0.0,0.0,0.0,0.0,0.0,12354.32,0.0,52281.1,6586.2,0.0,0.0
28-Aug-2023,3392.76,13303.45,0.0,0.0,29241.0,0.0,26326.16,0.0,758.01,0.0,11934.78,45657.15,0.0,0.0,0.0,0.0,3725.84,0.0,0.0,0.0,0.0,0.0,0.0,12354.32,0.0,52064.31,6586.2,0.0,0.0
04-Sep-2023,9208.92,17026.64,0.0,0.0,29241.0,0.0,26326.16,0.0,758.01,0.0,11934.78,49270.9,0.0,0.0,0.0,0.0,3725.84,0.0,0.0,0.0,0.0,0.0,0.0,12354.32,0.0,54541.92,6586.2,0.0,0.0
11-Sep-2023,14903.9,20456.28,0.0,0.0,29241.0,0.0,26326.16,0.0,758.01,0.0,11934.78,55403.95,0.0,0.0,0.0,0.0,3725.84,0.0,0.0,0.0,0.0,0.0,0.0,12354.32,0.0,62067.61,6586.2,0.0,0.0
18-Sep-2023,11915.05,21955.49,0.0,0.0,29241.0,0.0,26326.16,0.0,758.01,0.0,11934.78,55362.66,0.0,0.0,0.0,0.0,3725.84,0.0,0.0,0.0,0.0,0.0,0.0,12354.32,0.0,74672.42,6586.2,0.0,0.0
25-Sep-2023,10259.06,19225.32,0.0,0.0,29241.0,0.0,26326.16,0.0,758.01,0.0,11934.78,54247.56,0.0,0.0,0.0,0.0,3725.84,0.0,0.0,0.0,0.0,0.0,0.0,12354.32,0.0,74393.69,6586.2,0.0,0.0
02-Oct-2023,10259.06,19225.32,0.0,0.0,29241.0,0.0,26326.16,0.0,758.01,0.0,11934.78,54247.56,0.0,0.0,0.0,0.0,3725.84,0.0,0.0,0.0,0.0,0.0,0.0,12354.32,0.0,74393.69,6586.2,0.0,0.0
09-Oct-2023,9047.37,17488.5,0.0,0.0,26631.72,0.0,26326.16,0.0,758.01,0.0,11934.78,53628.05,0.0,0.0,0.0,0.0,3725.84,0.0,0.0,0.0,0.0,0.0,0.0,12354.32,0.0,68664.23,6586.2,0.0,0.0
16-Oct-2023,13167.13,17488.5,0.0,0.0,31753.64,0.0,26326.16,0.0,758.01,0.0,1057.16,57117.9,0.0,0.0,0.0,0.0,3725.84,0.0,0.0,0.0,-0.01,0.0,0.0,12354.32,0.0,69748.19,6586.2,0.0,0.0
23-Oct-2023,8279.95,17488.5,0.0,0.0,28516.2,0.0,26326.16,0.0,758.01,0.0,1057.16,51914.09,0.0,0.0,0.0,0.0,3725.84,0.0,0.0,0.0,-5385.3,0.0,0.0,12354.32,0.0,58196.36,6586.2,0.0,0.0
30-Oct-2023,8118.38,17488.5,0.0,0.0,29627.56,0.0,26326.16,0.0,758.01,0.0,1057.16,52451.0,0.0,0.0,0.0,0.0,3725.84,0.0,0.0,0.0,-5672.4,0.0,0.0,12354.32,0.0,64080.67,6586.2,0.0,0.0
06-Nov-2023,12844.02,17488.5,0.0,0.0,32792.52,0.0,26326.16,0.0,758.01,0.0,1057.16,56209.3,0.0,0.0,0.0,0.0,3725.84,0.0,0.0,0.0,-1879.2,0.0,0.0,12354.32,0.0,66960.88,6586.2,0.0,0.0
13-Nov-2023,18256.28,17488.5,0.0,0.0,38349.32,0.0,26326.16,0.0,758.01,0.0,1057.16,60607.74,0.0,0.0,0.0,0.0,3725.84,0.0,0.0,0.0,948.3,0.0,0.0,12354.32,0.0,72535.48,6586.2,0.0,0.0
20-Nov-2023,21608.64,17488.5,0.0,0.0,39170.76,0.0,26326.16,0.0,758.01,0.0,1057.16,61185.96,0.0,0.0,0.0,0.0,3725.84,0.0,0.0,0.0,3741.0,0.0,0.0,12354.32,0.0,68942.96,6586.2,0.0,0.0
27-Nov-2023,21608.64,17488.5,0.0,0.0,39170.76,0.0,26326.16,0.0,758.01,0.0,1057.16,61185.96,0.0,0.0,0.0,0.0,3725.84,0.0,0.0,0.0,3741.0,0.0,0.0,12354.32,0.0,68942.96,6586.2,0.0,0.0
04-Dec-2023,28798.07,17488.5,0.0,0.0,48158.28,0.0,26326.16,0.0,758.01,0.0,1057.16,73348.81,0.0,0.0,0.0,0.0,3725.84,0.0,0.0,0.0,10283.4,0.0,0.0,12354.32,0.0,78172.02,6586.2,0.0,0.0
11-Dec-2023,32029.27,17488.5,0.0,0.0,52893.64,0.0,26326.16,0.0,758.01,0.0,1057.16,77561.41,0.0,0.0,0.0,0.0,3725.84,0.0,0.0,0.0,12075.6,0.0,0.0,12354.32,0.0,85852.58,6586.2,0.0,0.0
18-Dec-2023,36956.86,17488.5,0.0,0.0,56904.2,0.0,26326.16,0.0,758.01,0.0,1057.16,83281.45,0.0,0.0,0.0,0.0,3725.84,0.0,0.0,0.0,15581.7,0.0,0.0,12354.32,0.0,92325.31,6586.2,0.0,0.0
25-Dec-2023,36956.86,17488.5,0.0,0.0,56904.2,0.0,26326.16,0.0,758.01,0.0,1057.16,83281.45,0.0,0.0,0.0,0.0,3725.84,0.0,0.0,0.0,15581.7,0.0,0.0,12354.32,0.0,92325.31,6586.2,0.0,0.0
01-Jan-2024,35906.71,17488.5,0.0,0.0,63765.64,0.0,26326.16,0.0,758.01,0.0,1057.16,89228.64,0.0,0.0,0.0,0.0,3725.84,0.0,0.0,0.0,17487.0,0.0,0.0,12354.32,0.0,93068.58,6586.2,0.0,0.0
08-Jan-2024,39461.03,17488.5,0.0,0.0,66664.85,0.0,26326.16,0.0,758.01,0.0,1057.16,89930.75,0.0,0.0,0.0,0.0,3725.84,0.0,0.0,0.0,19653.3,0.0,0.0,12354.32,0.0,90745.84,6586.2,0.0,0.0
15-Jan-2024,41076.62,17488.5,0.0,0.0,70192.2,0.0,26326.16,0.0,758.01,0.0,1057.16,93069.55,0.0,0.0,0.0,0.0,3725.84,0.0,0.0,0.0,22359.0,0.0,0.0,12354.32,0.0,98209.61,6586.2,0.0,0.0
22-Jan-2024,41076.62,17488.5,0.0,0.0,70192.2,0.0,26326.16,0.0,758.01,0.0,1057.16,93069.55,0.0,0.0,0.0,0.0,3725.84,0.0,0.0,0.0,22359.0,0.0,0.0,12354.32,0.0,98209.61,6586.2,0.0,0.0
29-Jan-2024,49154.62,17488.5,0.0,0.0,81040.04,0.0,26326.16,0.0,758.01,0.0,1057.16,99305.85,0.0,0.0,0.0,0.0,3725.84,0.0,0.0,0.0,22332.91,0.0,0.0,12354.32,0.0,103195.78,6586.2,0.0,0.0
05-Feb-2024,53435.97,17488.5,0.0,0.0,92805.97,0.0,26326.16,0.0,758.01,0.0,1057.16,105521.49,19581.96,0.0,0.0,0.0,3725.84,0.0,0.0,0.0,24299.1,0.0,0.0,12354.32,0.0,121065.46,6586.2,0.0,0.0
12-Feb-2024,47337.08,17488.5,0.0,0.0,82658.75,0.0,26326.16,0.0,758.01,0.0,1057.16,98004.89,19581.96,0.0,0.0,0.0,3725.84,0.0,0.0,0.0,24299.1,0.0,0.0,12354.32,0.0,122552.03,6586.2,0.0,0.0
19-Feb-2024,53597.53,17488.5,0.0,0.0,97323.87,0.0,26326.16,0.0,758.01,0.0,1057.16,109238.5,19581.96,0.0,0.0,0.0,3725.84,0.0,0.0,0.0,24299.1,0.0,0.0,12354.32,0.0,139059.05,6586.2,0.0,0.0
26-Feb-2024,54526.5,17488.5,0.0,0.0,97710.44,0.0,26326.16,0.0,758.01,0.0,1057.16,109630.85,19581.96,0.0,0.0,0.0,3725.84,0.0,0.0,0.0,24299.1,0.0,0.0,12354.32,0.0,136829.2,6586.2,0.0,0.0
04-Mar-2024,54405.33,17488.5,0.0,0.0,103629.64,0.0,26326.16,0.0,758.01,0.0,1057.16,115309.6,19581.96,0.0,0.0,0.0,3725.84,0.0,0.0,0.0,24299.1,0.0,0.0,12354.32,0.0,140204.92,6586.2,0.0,0.0
11-Mar-2024,52789.73,17488.5,0.0,0.0,101358.61,0.0,26326.16,0.0,758.01,0.0,1057.16,113884.75,19581.96,0.0,0.0,0.0,3725.84,0.0,0.0,0.0,24299.1,0.0,0.0,12354.32,0.0,143270.97,6586.2,0.0,0.0
18-Mar-2024,44267.44,17488.5,0.0,0.0,86403.56,0.0,26326.16,0.0,758.01,0.0,1057.16,100772.0,19581.96,0.0,0.0,0.0,3725.84,0.0,0.0,0.0,24299.1,0.0,0.0,12354.32,0.0,128002.76,6586.2,0.0,0.0
25-Mar-2024,44267.44,17488.5,0.0,0.0,86403.56,0.0,26326.16,0.0,758.01,0.0,1057.16,100772.0,19581.96,0.0,0.0,0.0,3725.84,0.0,0.0,0.0,24299.1,0.0,0.0,12354.32,0.0,128002.76,6586.2,0.0,0.0
01-Apr-2024,58040.43,17488.5,0.0,0.0,98072.85,0.0,26326.16,0.0,758.01,0.0,1057.16,111386.1,19581.96,0.0,0.0,0.0,3725.84,0.0,0.0,0.0,24299.1,0.0,0.0,12354.32,0.0,138563.52,6586.2,0.0,0.0
08-Apr-2024,63210.36,17488.5,0.0,0.0,104209.49,0.0,26326.16,0.0,758.01,0.0,1057.16,115887.8,19581.96,0.0,0.0,0.0,3725.84,0.0,0.0,0.0,24299.1,0.0,0.0,12354.32,0.0,143704.55,6586.2,0.0,0.0
15-Apr-2024,59252.12,17488.5,0.0,0.0,104740.99,0.0,26326.16,0.0,758.01,0.0,1057.16,113162.0,19581.96,0.0,0.0,0.0,3725.84,0.0,0.0,0.0,24299.1,0.0,0.0,12354.32,0.0,137355.69,6586.2,0.0,0.0
22-Apr-2024,59777.2,17488.5,0.0,0.0,103146.44,0.0,26326.16,0.0,758.01,0.0,1057.16,113306.55,19581.96,0.0,0.0,0.0,3725.84,0.0,0.0,0.0,24299.1,0.0,0.0,12354.32,0.0,140081.04,6586.2,0.0,0.0
29-Apr-2024,65431.8,17488.5,0.0,0.0,110394.44,0.0,26326.16,0.0,758.01,0.0,1057.16,120905.75,19581.96,0.0,0.0,0.0,3725.84,0.0,0.0,0.0,24299.1,0.0,0.0,12354.32,0.0,153924.63,6586.2,0.0,0.0
06-May-2024,67653.25,17488.5,0.0,0.0,112351.4,0.0,26326.16,0.0,758.01,0.0,1057.16,118861.41,19581.96,0.0,0.0,0.0,3725.84,0.0,0.0,0.0,24299.1,0.0,0.0,12354.32,0.0,143921.34,6586.2,0.0,0.0
13-May-2024,61069.68,17488.5,0.0,0.0,105683.23,0.0,26326.16,0.0,758.01,0.0,1057.16,113719.55,19581.96,0.0,0.0,0.0,3725.84,0.0,0.0,0.0,24299.1,0.0,0.0,12354.32,0.0,134940.03,6586.2,0.0,0.0
20-May-2024,61069.68,17488.5,0.0,0.0,105683.23,0.0,26326.16,0.0,758.01,0.0,1057.16,113719.55,19581.96,0.0,0.0,0.0,3725.84,0.0,0.0,0.0,24299.1,0.0,0.0,12354.32,0.0,134940.03,6586.2,0.0,0.0
27-May-2024,79487.52,17488.5,0.0,0.0,127016.52,0.0,26326.16,0.0,758.01,0.0,1057.16,129227.7,19581.96,0.0,0.0,0.0,3725.84,0.0,0.0,0.0,24299.1,0.0,0.0,12354.32,0.0,151787.72,6586.2,0.0,0.0
03-Jun-2024,86676.94,17488.5,0.0,0.0,139869.64,0.0,26326.16,0.0,758.01,0.0,1057.16,139242.95,19581.96,0.0,0.0,0.0,3725.84,0.0,0.0,0.0,24299.1,0.0,0.0,12354.32,0.0,172630.52,6586.2,0.0,0.0
10-Jun-2024,82435.99,17263.04,0.0,0.0,119937.64,0.0,26326.16,0.0,758.01,0.0,1057.16,125407.45,17807.16,0.0,0.0,0.0,3725.84,0.0,0.0,0.0,24299.1,0.0,0.0,12354.32,0.0,147637.73,6586.2,0.0,0.0
17-Jun-2024,82435.99,17263.04,0.0,0.0,119937.64,0.0,26326.16,0.0,758.01,0.0,1057.16,125407.45,17807.16,0.0,0.0,0.0,3725.84,0.0,0.0,0.0,24299.1,0.0,0.0,12354.32,0.0,147637.73,6586.2,0.0,0.0
24-Jun-2024,90069.7,19623.97,0.0,0.0,127475.56,0.0,26326.16,0.0,758.01,0.0,1057.16,127740.9,17807.16,0.0,0.0,0.0,3725.84,0.0,0.0,0.0,24299.1,0.0,0.0,12354.32,0.0,148350.05,6586.2,0.0,0.0
01-Jul-2024,90029.31,19717.5,0.0,0.0,128441.97,0.0,26326.16,0.0,758.01,0.0,1057.16,129929.8,17807.16,0.0,-0.0,0.0,3725.84,0.0,-0.0,0.0,24299.1,0.0,0.0,12354.32,0.0,147730.64,6586.2,0.0,0.0
08-Jul-2024,100167.2,19626.48,0.0,0.0,142068.2,0.0,26326.16,0.0,758.01,0.0,1057.16,129929.8,17807.16,0.0,5039.69,0.0,3725.84,0.0,2707.07,0.0,24299.1,0.0,0.0,12354.32,0.0,147730.64,6586.2,0.0,0.0
15-Jul-2024,102792.55,20748.02,0.0,0.0,150137.64,0.0,26326.16,0.0,758.01,0.0,1057.16,129929.8,17807.16,0.0,7667.87,0.0,3725.84,0.0,3404.11,0.0,24299.1,0.0,0.0,12354.32,0.0,147730.64,6586.2,0.0,0.0
22-Jul-2024,94270.26,19578.24,0.0,0.0,142092.35,0.0,26326.16,0.0,758.01,0.0,1057.16,129929.8,17807.16,0.0,725.34,0.0,3725.84,0.0,-2755.7,0.0,24299.1,0.0,0.0,12354.32,0.0,147730.64,6586.2,0.0,0.0
29-Jul-2024,101338.51,27907.69,0.0,0.0,149606.11,0.0,26326.16,0.0,758.01,0.0,1057.16,129929.8,17807.16,0.0,6989.64,0.0,3725.84,0.0,5754.55,0.0,24299.1,0.0,0.0,12354.32,0.0,147730.64,6586.2,0.0,0.0
05-Aug-2024,92977.78,16039.73,0.0,0.0,143445.32,0.0,26326.16,0.0,758.01,0.0,1057.16,129929.8,17807.16,0.0,-119.32,0.0,3725.84,0.0,-5478.99,0.0,24299.1,0.0,0.0,12354.32,0.0,147730.64,6586.2,0.0,0.0
12-Aug-2024,97339.89,20192.76,0.0,0.0,150089.32,0.0,26326.16,0.0,758.01,0.0,1057.16,129929.8,17807.16,0.0,1438.12,0.0,3725.84,0.0,599.76,0.0,24299.1,0.0,0.0,12354.32,0.0,147730.64,6586.2,0.0,0.0
19-Aug-2024,100611.49,20856.7,0.0,0.0,149920.2,0.0,26326.16,0.0,758.01,0.0,1057.16,129929.8,17807.16,0.0,4251.55,0.0,3725.84,0.0,1961.42,0.0,24299.1,0.0,0.0,12354.32,0.0,147730.64,6586.2,0.0,0.0
26-Aug-2024,102267.48,24912.29,0.0,0.0,151852.99,0.0,26326.16,0.0,758.01,0.0,1057.16,129929.8,17807.16,0.0,9529.89,0.0,3725.84,0.0,6840.62,0.0,24299.1,0.0,0.0,12354.32,0.0,147730.64,6586.2,0.0,0.0
02-Sep-2024,104004.25,25816.97,0.0,0.0,149630.28,0.0,26326.16,0.0,758.01,0.0,1057.16,129929.8,17807.16,0.0,10870.68,0.0,3725.84,0.0,7018.93,0.0,24299.1,0.0,0.0,12354.32,0.0,147730.64,6586.2,0.0,0.0
09-Sep-2024,98713.15,21712.03,0.0,0.0,135762.44,0.0,26326.16,0.0,758.01,0.0,1057.16,129929.8,17807.16,0.0,8854.8,0.0,3725.84,0.0,7018.93,0.0,24299.1,0.0,0.0,12354.32,105.87,147730.64,6586.2,0.0,0.0
16-Sep-2024,105781.4,24085.37,0.0,0.0,139603.87,0.0,26326.16,0.0,758.01,0.0,1057.16,129929.8,17807.16,0.0,11435.87,0.0,3725.84,0.0,7018.93,0.0,24299.1,0.0,0.0,12354.32,4658.29,147730.64,6586.2,0.0,0.0
23-Sep-2024,109133.78,31023.34,0.0,0.0,141971.56,0.0,26326.16,0.0,758.01,0.0,1057.16,129929.8,17807.16,0.0,15232.14,0.0,3725.84,0.0,7018.93,0.0,24299.1,0.0,0.0,12354.32,529.34,147730.64,6586.2,0.0,0.0
30-Sep-2024,105619.86,32589.67,0.0,0.0,146344.52,0.0,26326.16,0.0,758.01,0.0,1057.16,129929.8,17807.16,0.0,16871.21,0.0,3725.84,0.0,7018.93,0.0,24299.1,0.0,0.0,12354.32,2752.62,147730.64,6586.2,0.0,0.0
07-Oct-2024,92412.32,23900.48,0.0,0.0,133273.97,0.0,26326.16,0.0,758.01,0.0,1057.16,129929.8,17807.16,0.0,5369.39,0.0,3725.84,0.0,7018.93,0.0,24299.1,0.0,0.0,12354.32,-317.62,147730.64,6586.2,0.0,0.0
14-Oct-2024,92412.32,28565.35,0.0,0.0,137936.85,0.0,26326.16,0.0,758.01,0.0,7005.09,129929.8,17807.16,0.0,12289.96,0.0,3725.84,0.0,7018.93,0.0,24299.1,0.0,0.0,12354.32,7199.16,147730.64,6586.2,0.0,0.0
21-Oct-2024,92412.32,20140.9,0.0,0.0,132404.2,0.0,26326.16,0.0,758.01,0.0,2529.11,129929.8,17807.16,0.01,4433.68,0.0,3725.84,0.0,7018.93,0.0,24299.1,0.0,0.0,12354.32,423.49,147730.64,6586.2,0.0,0.0
28-Oct-2024,92412.32,20140.9,0.0,0.0,119333.64,0.0,26326.16,0.0,758.01,0.0,1582.87,129929.8,17807.16,2509.76,-6323.97,0.0,3725.84,0.0,7018.93,0.0,24299.1,0.0,0.0,12354.32,-1799.79,147730.64,6586.2,0.0,0.0
04-Nov-2024,92412.32,20140.9,0.0,0.0,122136.2,0.0,26326.16,0.0,758.01,0.0,-534.96,129929.8,17807.16,-4250.41,-8434.04,0.0,3725.84,0.0,7018.93,0.0,24299.1,0.0,0.0,12354.32,-4023.05,147730.64,6586.2,0.0,-0.0
11-Nov-2024,92412.32,20140.9,0.0,0.0,123320.04,0.0,26326.16,0.0,758.01,0.0,-1736.56,129929.8,17807.16,5505.27,-8434.04,0.0,3725.84,0.0,7018.93,0.0,24299.1,0.0,0.0,12354.32,-7305.04,147730.64,6586.2,0.0,6503.5
18-Nov-2024,92412.32,20140.9,0.0,0.0,113100.36,0.0,26326.16,0.0,758.02,0.0,-10237.89,129929.8,17807.16,-121.44,-8434.04,0.0,3725.84,0.0,7018.93,0.0,24299.1,0.0,0.0,12354.32,-16515.71,147730.64,6586.2,0.0,1079.73
25-Nov-2024,92412.32,20140.9,0.0,0.0,113100.36,0.0,26326.16,0.0,5736.72,0.0,-4890.75,129929.8,17807.16,10039.04,-8434.04,0.0,3725.84,0.0,7018.93,0.0,24299.1,0.0,0.0,12354.32,-9316.55,147730.64,6586.2,0.0,11123.73
02-Dec-2024,92412.32,20140.9,0.0,0.0,113100.36,0.0,26326.16,0.0,3651.04,0.0,-1285.96,129929.8,17807.16,9108.01,-8434.04,0.0,3725.84,0.0,7018.93,0.0,24299.1,0.0,0.0,12354.32,-6034.59,147730.64,6586.2,0.0,15995.07
09-Dec-2024,92412.32,20140.9,0.0,0.0,113100.36,0.0,26326.16,0.0,5433.97,0.0,-610.06,129929.8,17807.16,14572.8,-8434.04,0.0,3725.84,0.0,7018.93,0.0,24299.1,0.0,0.0,12354.32,-7728.51,147730.64,6586.2,0.0,22850.09
16-Dec-2024,92412.32,20140.9,0.0,0.0,113100.36,0.0,26326.16,0.0,6073.14,0.0,-369.74,129929.8,17807.16,18742.24,-8434.04,0.0,3725.84,0.0,7018.93,0.0,24299.1,0.0,0.0,12354.32,-8787.21,147730.64,6586.2,-0.01,28148.3
23-Dec-2024,92412.32,20140.9,0.0,0.0,113100.36,0.0,26326.16,0.0,4357.49,0.0,396.27,129929.8,17807.16,10200.95,-8434.04,0.0,3725.84,0.0,7018.93,0.0,24299.1,0.0,0.0,12354.32,-8787.21,147730.64,6586.2,-4895.01,17099.92
30-Dec-2024,92412.32,20140.9,0.0,0.0,113100.36,0.0,26326.16,0.0,4458.41,0.0,6809.82,129929.8,17807.16,10929.59,-8434.04,0.0,3725.84,0.0,7018.93,0.0,24299.1,0.0,0.0,12354.32,-8787.21,147730.64,6586.2,-6380.01,18932.94
06-Jan-2025,92412.32,20140.9,0.0,0.0,113100.36,0.0,26326.16,0.0,6510.45,0.0,6329.17,129929.8,17807.16,9512.8,-8434.04,0.0,3725.84,0.0,7018.93,0.0,24299.1,0.0,0.0,12354.32,-8787.21,147730.64,6586.2,-3685.0,17250.57
13-Jan-2025,92412.32,20140.9,0.0,0.0,113100.36,0.0,26326.16,0.0,12027.41,0.0,-2082.02,129929.8,17807.16,11739.2,-8434.04,0.0,3725.84,0.0,7018.93,0.0,24299.1,0.0,0.0,12354.32,-8787.21,147730.64,6586.2,55.0,1431.26
20-Jan-2025,92412.32,20140.9,0.0,0.0,113100.36,0.0,26326.16,0.0,13171.16,0.0,-3914.46,129929.8,17807.16,4655.2,-8434.04,0.0,3725.84,0.0,7018.93,0.0,24299.1,0.0,0.0,12354.32,-8787.21,147730.64,6586.2,1265.01,6403.05
27-Jan-2025,92412.32,20140.9,0.0,0.0,113100.36,0.0,26326.16,0.0,16871.58,0.0,-11394.41,129929.8,17807.16,3602.72,-8434.04,0.0,3725.84,0.0,7018.93,0.0,24299.1,0.0,0.0,12354.32,-8787.21,147730.64,6586.2,879.99,-4168.25
03-Feb-2025,92412.32,20140.9,0.0,0.0,113100.36,0.0,26326.16,0.0,23431.37,0.0,-9096.35,129929.8,17807.16,4614.72,-8434.04,0.0,3725.84,0.0,7018.93,0.0,24299.1,0.0,0.0,12354.32,-8787.21,147730.64,6586.2,8965.0,1280.61
10-Feb-2025,92412.32,20140.9,0.0,0.0,113100.36,0.0,26326.16,0.0,33119.68,0.0,-7023.61,129929.8,17807.16,5829.12,-8434.04,0.0,3725.84,0.0,7018.93,0.0,24299.1,0.0,0.0,12354.32,-8787.21,147730.64,6586.2,15619.99,2737.0
17-Feb-2025,92412.32,20140.9,0.0,0.0,113100.36,0.0,26326.16,0.0,30193.02,0.0,-13632.4,129929.8,17807.16,-850.08,-8434.04,0.0,3725.84,-0.0,7018.93,0.0,24299.1,0.0,0.0,12354.32,-8787.21,147730.64,6586.2,15372.5,-7934.75
24-Feb-2025,92412.32,20140.9,0.0,0.0,113100.36,0.0,26326.16,-0.0,33388.8,0.0,-13632.4,129929.8,17807.16,-8015.05,-8434.04,0.0,3725.84,150.18,7018.93,0.0,24299.1,0.0,0.0,12354.32,-8787.21,147730.64,6586.2,16335.0,-14538.69
03-Mar-2025,92412.32,20140.9,0.0,0.0,113100.36,0.0,26326.16,366.4,29217.45,0.0,-13632.4,129929.8,17807.16,-15908.64,-8434.04,-0.0,3725.84,300.36,7018.93,0.0,24299.1,0.0,0.0,12354.32,-8787.21,147730.64,6586.2,11385.01,-14538.69
10-Mar-2025,92412.32,20140.9,0.0,0.0,113100.36,0.0,26326.16,1025.93,31942.28,0.0,-13632.4,129929.8,17807.16,-15908.64,-8434.04,183.6,3725.84,675.81,7018.93,0.0,24299.1,0.0,0.0,12354.32,-8787.21,147730.64,6586.2,18782.5,-14538.69
17-Mar-2025,92412.32,20140.9,0.0,0.0,113100.36,0.0,26326.16,1099.21,36517.33,0.0,-13632.4,129929.8,17807.16,-15908.64,-8434.04,351.9,3725.84,1276.53,7018.93,0.0,24299.1,0.0,0.0,12354.32,-8787.21,147730.64,6586.2,25327.51,-14538.69
24-Mar-2025,92412.32,20140.9,0.0,0.0,113100.36,0.0,26326.16,1868.64,34734.41,0.0,-13632.4,129929.8,17807.16,-15908.64,-8434.04,535.5,3725.84,2102.52,7018.93,0.0,24299.1,0.0,0.0,12354.32,-8787.21,147730.64,6586.2,19002.5,-14538.69
31-Mar-2025,92412.32,20140.9,0.0,0.0,113100.36,0.0,26326.16,1868.64,34734.41,0.0,-13632.4,129929.8,17807.16,-15908.64,-8434.04,535.5,3725.84,2102.52,7018.93,0.0,24299.1,0.0,0.0,12354.32,-8787.21,147730.64,6586.2,19002.5,-14538.69
07-Apr-2025,92412.32,20140.9,0.0,0.0,113100.36,0.0,26326.16,5422.71,37526.54,0.0,-13632.4,129929.8,17807.16,-15908.64,-8434.04,948.6,3725.84,5331.39,7018.93,0.0,24299.1,0.0,0.0,12354.32,-8787.21,147730.64,6586.2,-660.0,-14538.69
14-Apr-2025,92412.32,20140.9,0.0,0.0,113100.36,0.0,26326.16,5422.71,37526.54,0.0,-13632.4,129929.8,17807.16,-15908.64,-8434.04,948.6,3725.84,5331.39,7018.93,0.0,24299.1,0.0,0.0,12354.32,-8787.21,147730.64,6586.2,-660.0,-14538.69
21-Apr-2025,92412.32,20140.9,0.0,0.0,113100.36,0.0,26326.16,7401.28,61881.89,0.0,-13632.4,129929.8,17807.16,-15908.64,-8434.04,1269.9,3725.84,7659.18,7018.93,0.0,24299.1,0.0,0.0,12354.32,-8787.21,147730.64,6586.2,15757.5,-14538.69
28-Apr-2025,92412.32,20140.9,0.0,0.0,113100.36,0.0,26326.16,6888.32,55086.62,0.0,-13632.4,129929.8,17807.16,-15908.64,-8434.04,1468.8,3725.84,7433.9,7018.93,0.0,24299.1,0.0,0.0,12354.32,-8787.21,147730.64,6586.2,16197.51,-14538.69
05-May-2025,92412.32,20140.9,0.0,-492.4,113100.36,0.0,26326.16,8170.71,56869.54,0.0,-13632.4,129929.8,17807.16,-15908.64,-8434.04,1468.8,3725.84,8485.17,7018.93,0.0,24299.1,0.0,0.0,12354.32,-8787.21,147730.64,6586.2,11385.01,-14538.69
12-May-2025,92412.32,20140.9,0.0,1538.75,113100.36,0.0,26326.16,8573.76,51487.14,0.0,-13632.4,129929.8,17807.16,-15908.64,-8434.04,1468.8,3725.84,8184.81,7018.93,0.0,24299.1,0.0,0.0,12354.32,-8787.21,147730.64,6586.2,11467.51,-14538.69
19-May-2025,92412.32,20140.9,0.0,1477.2,113100.36,0.0,26326.16,9672.95,52630.89,0.0,-13632.4,129929.8,17807.16,-15908.64,-8434.04,1468.8,3725.84,9686.61,7018.93,0.0,24299.1,0.0,0.0,12354.32,-8787.21,147730.64,6586.2,15234.99,-14538.69
26-May-2025,92412.32,20140.9,-0.01,2585.1,113100.36,0.0,26326.16,10515.68,57508.68,0.0,-13632.4,129929.8,17807.16,-15908.64,-8434.04,1468.8,3725.84,10362.42,7018.93,0.0,24299.1,0.0,0.0,12354.32,-8787.21,147730.64,6586.2,20020.0,-14538.69
02-Jun-2025,92412.32,20140.9,1532.65,1477.2,113100.36,2471.94,26326.16,10515.68,60031.68,0.0,-13632.4,129929.8,17807.16,-15908.64,-8434.04,1468.8,3725.84,10362.42,7018.93,0.0,24299.1,0.0,0.0,12354.32,-8787.21,147730.64,6756.28,20020.0,-14538.69
09-Jun-2025,92412.32,20140.9,6023.43,4677.8,113100.36,15310.08,26326.16,10515.68,59897.14,0.0,-13632.4,129929.8,17807.16,-15908.64,-8434.04,1468.8,3725.84,10362.42,7018.93,0.0,24299.1,0.0,0.0,12354.32,-8787.21,147730.64,10668.12,20020.0,-14538.69
16-Jun-2025,92412.32,20140.9,1722.15,2277.36,113100.36,7974.0,26326.16,10515.68,68677.16,0.0,-13632.4,129929.8,17807.16,-15908.64,-8434.04,1468.8,3725.84,10362.42,7018.93,0.0,24299.1,0.0,0.0,12354.32,-8787.21,147730.64,7606.69,20020.0,-14538.69
23-Jun-2025,92412.32,20140.9,2092.96,2092.7,113100.36,7176.6,26326.16,10515.68,67230.66,0.0,-13632.4,129929.8,17807.16,-15908.64,-8434.04,1468.8,3725.84,10362.42,7018.93,0.0,24299.1,0.0,0.0,12354.32,-8787.21,147730.64,8797.24,20020.0,-14538.69
30-Jun-2025,92412.32,20140.9,8021.65,6647.4,113100.36,15230.34,26326.16,10515.68,58248.76,-0.01,-13632.4,129929.8,17807.16,-15908.64,-8434.04,1468.8,3725.84,10362.42,7018.93,0.0,24299.1,0.0,0.0,12354.32,-8787.21,147730.64,12539.0,20020.0,-14538.69
07-Jul-2025,92412.32,20140.9,6488.99,4554.7,113100.36,9648.53,26326.16,10515.68,60065.33,-1431.01,-13632.4,129929.8,17807.16,-15908.64,-8434.04,1468.8,3725.84,10362.42,7018.93,0.0,24299.1,0.0,0.0,12354.32,-8787.21,147730.64,12539.0,20020.0,-14538.69
14-Jul-2025,92412.32,20140.9,6114.09,4431.6,113100.36,7575.29,26326.16,10515.68,64606.72,-94.5,-13632.4,129929.8,17807.16,-15908.64,-8434.04,1468.8,3725.84,10362.42,7018.93,0.0,24299.1,0.0,0.0,12354.32,-8787.21,147730.64,12539.0,20020.0,-14538.69
21-Jul-2025,92412.32,20140.9,6711.49,5416.4,113100.36,9648.53,26326.16,10515.68,65447.72,1390.51,-13632.4,129929.8,17807.16,-15908.64,-8434.04,1468.8,3725.84,10362.42,7018.93,0.0,24299.1,0.0,0.0,12354.32,-8787.21,147730.64,12539.0,20020.0,-14538.69
28-Jul-2025,92412.32,20140.9,3333.09,3077.5,113100.36,1275.84,26326.16,10515.68,65111.33,-8275.5,-13632.4,129929.8,17807.16,-15908.64,-8434.04,1468.8,3725.84,10362.42,7018.93,0.0,24299.1,0.0,0.0,12354.32,-8787.21,147730.64,12539.0,20020.0,-14538.69
04-Aug-2025,92412.32,20140.9,1639.77,2092.7,113100.36,1913.76,26326.16,10515.68,69148.14,-10219.5,-13632.4,129929.8,17807.16,-15908.64,-8434.04,1468.8,3725.84,10362.42,7018.93,0.0,24299.1,0.0,0.0,12354.32,-8787.21,147730.64,12539.0,20020.0,-14538.69
11-Aug-2025,92412.32,20140.9,856.96,1846.5,113100.36,1594.79,26326.16,10515.68,69148.14,-15551.99,-13632.4,129929.8,17807.16,-15908.64,-8434.04,1468.8,3725.84,10362.42,7018.93,0.0,24299.1,0.0,0.0,12354.32,-8787.21,147730.64,12539.0,20020.0,-14538.69
18-Aug-2025,92412.32,20140.9,2369.0,3693.0,113100.36,7415.82,26326.16,10515.68,67533.41,-11812.51,-13632.4,129929.8,17807.16,-15908.64,-8434.04,1468.8,3725.84,10362.42,7018.93,0.0,24299.1,0.0,0.0,12354.32,-8787.21,147730.64,12539.0,20019.99,-14538.69
25-Aug-2025,92412.32,20412.16,2369.0,1784.95,113100.36,4066.74,26326.16,10515.68,70056.41,-9787.5,-13632.4,129929.8,17807.16,-15908.64,-8434.04,1468.8,3725.84,10362.42,7018.93,0.0,24299.1,0.0,0.0,12354.32,-8787.21,147730.64,12539.0,24308.46,-14538.69
01-Sep-2025,92412.32,22258.96,2369.0,1784.95,113100.36,-1913.76,26326.16,10515.68,80518.45,-9787.5,-13632.4,129929.8,17807.16,-15908.64,-8434.04,1468.8,3725.84,10362.42,7018.93,0.0,24299.1,0.0,0.01,12354.32,-8787.21,147730.64,12539.0,38402.14,-18502.02
08-Sep-2025,92412.32,34660.59,2369.0,1784.95,113100.36,2392.2,26326.16,10515.68,91855.14,-9787.5,-13632.4,129929.8,17807.16,-15908.64,-8434.04,1468.8,3725.84,10362.42,7018.93,0.0,24299.1,0.0,-964.32,12354.32,-8787.21,147730.64,12539.0,41979.45,-18502.02
15-Sep-2025,92412.32,31256.35,2369.0,1784.95,113100.36,8372.7,26326.16,10515.68,95017.28,-9787.5,-13632.4,129929.8,17807.16,-15908.64,-8434.04,1468.8,3725.84,10362.42,7018.93,0.0,24299.1,0.0,13571.04,12354.32,-8787.21,147730.64,12539.0,48078.1,-18502.02
22-Sep-2025,92412.32,34193.95,2369.0,1784.95,113100.36,9329.58,26326.16,10515.68,102485.37,-9787.5,-13632.4,129929.8,17807.16,-15908.64,-8434.04,1468.8,3725.84,10362.42,7018.93,0.0,24299.1,0.0,16816.79,12354.32,-8787.21,147730.64,12539.0,59154.8,-18502.02
29-Sep-2025,92412.32,28066.29,2369.0,1784.95,113100.36,3588.29,26326.16,10515.68,111770.02,-9787.5,-13632.4,129929.8,17807.16,-15908.64,-8434.04,1468.8,3725.84,10362.42,7018.93,0.0,24299.1,0.0,7714.56,12354.32,-8787.21,147730.64,12539.0,82514.99,-18502.02
06-Oct-2025,92412.32,31554.69,2369.0,1784.95,113100.36,9329.58,26326.16,10515.68,122938.49,-9787.5,-13632.4,129929.8,17807.16,-15908.64,-8434.04,1468.8,3725.84,10362.42,7018.93,0.0,24299.1,0.0,7714.56,12354.32,-8787.21,153799.45,12539.0,92449.55,-18502.02
13-Oct-2025,92412.32,30131.8,2369.0,1784.95,113100.36,12678.66,26326.16,10515.68,134477.02,-9787.5,-13632.4,129929.8,17807.16,-15908.64,-8434.04,1468.8,3725.84,10362.42,7018.93,0.0,24299.1,0.0,7714.56,12354.32,-8787.21,156513.15,12539.0,136993.39,-18502.02
20-Oct-2025,92412.32,33895.59,2369.0,1784.95,113100.36,18659.16,26326.16,10515.68,142853.37,-9787.5,-13632.4,129929.8,17807.16,-15908.64,-8434.04,1468.8,3725.84,10362.42,7018.93,0.0,24299.1,0.0,7714.56,12354.32,-8787.21,159966.95,12539.0,103547.82,-18502.02
27-Oct-2025,92412.32,34561.16,2369.0,1784.95,113100.36,19695.78,26326.16,10515.68,126033.37,-9787.5,-13632.4,129929.8,17807.16,-15908.64,-8434.04,1468.8,3725.84,10362.42,7018.93,0.0,24299.1,0.0,7714.56,12354.32,-8787.21,164259.55,12539.0,82062.46,-18502.02
03-Nov-2025,92412.32,31462.89,2369.0,1784.95,113100.36,21051.37,26326.16,10515.68,125730.62,-9787.5,-13632.4,129929.8,17807.16,-15908.64,-8434.04,1468.8,3725.84,10362.42,7018.93,0.0,24299.1,0.0,7714.56,12354.32,-8787.21,173880.83,12539.0,89863.55,-18502.02
10-Nov-2025,92412.32,31417.0,2369.0,1784.95,113100.36,24559.92,26326.16,10515.68,131281.2,-9787.5,-13632.4,129929.8,17807.16,-15908.64,-8434.04,1468.8,3725.84,10362.42,7018.93,0.0,24299.1,0.0,7714.56,12354.32,-8787.21,173708.14,12539.0,96048.39,-18502.02
17-Nov-2025,92412.32,36695.49,2369.0,1784.95,113100.36,24400.44,26326.16,10515.68,132088.58,-9787.5,-13632.4,129929.8,17807.16,-15908.64,-8434.04,1468.8,3725.84,10362.42,7018.93,0.0,24299.1,0.0,7714.56,12354.32,-8787.21,177408.64,12539.0,103763.3,-18502.02
24-Nov-2025,92412.32,35609.2,2369.0,1784.95,113100.36,19536.29,26326.16,10515.68,133064.14,-9787.5,-13632.4,129929.8,17807.16,-15908.64,-8434.04,1468.8,3725.84,10362.42,7018.93,0.0,24299.1,0.0,7714.56,12354.32,-8787.21,173757.49,12539.0,99798.1,-18502.02
01-Dec-2025,92412.32,40780.59,2369.0,1784.95,113100.36,26314.21,26326.16,10515.68,148168.49,-9787.5,-13632.4,129929.8,17807.16,-15908.64,-8434.04,1468.8,3725.84,10362.42,7018.93,0.0,24299.1,0.0,7714.56,12354.32,-8787.21,179184.89,12539.0,141023.26,-18502.02
08-Dec-2025,92412.32,37384.01,2369.0,1784.95,113100.36,22486.69,26326.16,10515.68,148605.8,-9787.5,-13632.4,129929.8,17807.16,-15908.64,-8434.04,1468.8,3725.84,10362.42,7018.93,0.0,24299.1,0.0,7714.56,12354.32,-8787.21,168206.74,12539.0,151000.89,-18502.02
15-Dec-2025,92412.32,37315.14,2369.0,1784.95,113100.36,22008.24,26326.16,10515.68,162398.2,-9787.5,-13632.4,129929.8,17807.16,-15908.64,-8434.04,1468.8,3725.84,10362.42,7018.93,0.0,24299.1,0.0,7714.56,12354.32,-8787.21,171635.87,12539.0,181235.54,-18502.02
22-Dec-2025,92412.32,39013.44,2369.0,1784.95,113100.36,23284.08,26326.16,10515.68,163878.37,-9787.5,-13632.4,129929.8,17807.16,-15908.64,-8434.04,1468.8,3725.84,10362.42,7018.93,0.0,24299.1,0.0,7714.56,12354.32,-8787.21,173856.18,12539.0,213732.94,-18502.02
29-Dec-2025,92412.32,36848.5,2369.0,1784.95,113100.36,22805.63,26326.16,10515.68,169395.33,-9787.5,-13632.4,129929.8,17807.16,-15908.64,-8434.04,1468.8,3725.84,10362.42,7018.93,0.0,24299.1,0.0,7714.56,12354.32,-8787.21,171315.15,12539.0,253169.45,-18502.02
05-Jan-2026,92412.32,47719.14,2369.0,1784.95,113100.36,27590.05,26326.16,10515.68,169025.28,-9787.5,-13632.4,129929.8,17807.16,-15908.64,-8434.04,1468.8,3725.84,10362.42,7018.93,0.0,24299.1,0.0,7714.56,12354.32,-8787.21,184118.89,12539.0,268879.39,-18502.02
12-Jan-2026,92412.32,40466.96,2369.0,1784.95,113100.36,21450.07,26326.16,10515.68,181943.06,-9787.5,-13632.4,129929.8,17807.16,-15908.64,-8434.04,1468.8,3725.84,10362.42,7018.93,0.0,24299.1,0.0,7714.56,12354.32,-8787.21,181775.24,12539.0,307259.96,-18502.02
19-Jan-2026,92412.32,37483.45,2369.0,1784.95,113100.36,23842.26,26326.16,10515.68,196542.8,-9787.5,-13632.4,129929.8,17807.16,-15908.64,-8434.04,1468.8,3725.84,10362.42,7018.93,-0.01,24299.1,0.0,7714.56,12354.32,-8787.21,191100.5,12539.0,392597.98,-18502.02
26-Jan-2026,92412.32,37483.45,2369.0,1784.95,113100.36,23842.26,26326.16,10515.68,196542.8,-9787.5,-13632.4,129929.8,17807.16,-15908.64,-8434.04,1468.8,3725.84,10362.42,7018.93,-0.01,24299.1,0.0,7714.56,12354.32,-8787.21,191100.5,12539.0,392597.98,-18502.02
02-Feb-2026,92412.32,37483.45,2369.0,1784.95,113100.36,9967.5,26326.16,10515.68,188368.28,-9787.5,-13632.4,129929.8,17807.16,-15908.64,-8434.04,1468.8,3725.84,10362.42,7018.93,-186.23,24299.1,0.0,7714.56,12354.32,-8787.21,179875.64,12539.0,256811.41,-18502.02
09-Feb-2026,92412.32,37483.45,2369.0,1784.95,113100.36,24799.13,26326.16,10515.68,219687.14,-9787.5,-13632.4,129929.8,17807.16,-15908.64,-8434.04,1468.8,3725.84,10362.42,7018.93,9311.99,24299.1,0.0,7714.56,12354.32,-8787.21,195837.14,12539.0,308014.19,-18502.02
16-Feb-2026,92412.32,37483.45,2369.0,1784.95,113100.36,24081.47,26326.16,10515.68,216121.28,-9787.5,-13632.4,129929.8,17807.16,-15908.64,-8434.04,1468.8,3725.84,10362.42,7018.93,6145.91,24299.1,0.0,7714.56,12354.32,-8787.21,198994.89,12539.0,272758.39,-18502.02
23-Feb-2026,92412.32,37483.45,2369.0,1784.95,113100.36,25118.1,26326.16,10515.68,226482.41,-9787.5,-13632.4,129929.8,17807.16,-15908.64,-8434.04,1468.8,3725.84,10362.42,7018.93,6332.16,24299.1,0.0,7714.56,12354.32,-8787.21,213550.2,12539.0,321957.05,-18502.02
02-Mar-2026,92412.32,37483.45,2369.0,1784.95,113100.36,25118.1,26326.16,10515.68,254470.91,-9787.5,-13632.4,126390.22,17807.16,-15908.64,-8434.04,1468.8,3725.84,10362.42,7018.93,12291.85,24299.1,0.0,7714.56,12354.32,-8787.21,208344.83,12539.0,374711.44,-18502.02
09-Mar-2026,92412.32,37483.45,2369.0,1784.95,113100.36,25118.1,26326.16,10515.68,231023.83,-9787.5,-13632.4,117858.39,17807.16,-15908.64,-8434.04,1468.8,3725.84,10362.42,7018.93,1676.16,24299.1,0.0,7714.56,12354.32,-8787.21,186758.58,12539.0,315125.7,-18502.02
16-Mar-2026,92412.32,37483.45,2369.0,1784.95,113100.36,25118.1,26326.16,10515.68,217130.49,-9787.5,-13632.4,110185.89,17807.16,-15908.64,-8434.04,1468.8,3725.84,10362.42,7018.93,-5773.44,24299.1,0.0,7714.56,12354.32,-8787.21,179086.2,12539.0,285990.09,-18502.02
23-Mar-2026,92412.32,37483.45,2369.0,1784.95,113100.36,25118.1,26326.16,10515.68,161624.49,-9787.5,-13632.4,101490.39,17807.16,-15908.64,-8434.04,1468.8,3725.84,10362.42,7018.93,-14340.48,24299.1,0.0,7714.56,12354.32,-8787.21,170032.32,12539.0,199876.31,-18502.02
30-Mar-2026,92412.32,37483.45,2369.0,1784.95,113100.36,25118.1,26326.16,10515.68,196845.58,-9787.5,-13632.4,102779.38,17807.16,-15908.64,-8434.04,1468.8,3725.84,10362.42,7018.93,-8567.05,24299.1,0.0,7714.56,12354.32,-8787.21,159892.95,12539.0,248493.1,-18502.02
06-Apr-2026,92412.32,37483.45,2369.0,1784.95,113100.36,25118.1,26326.16,10515.68,202295.24,-9787.5,-13632.4,110226.82,17807.16,-15908.64,-8434.04,1468.8,3725.84,10362.42,7018.93,-372.48,24299.1,0.0,7714.56,12354.32,-8787.21,172696.68,12539.0,262069.61,-18502.02
13-Apr-2026,92412.32,37483.45,2369.0,1784.95,113100.36,25118.1,26326.16,10515.68,205491.06,-9787.5,-13632.4,118206.22,17807.16,-15908.64,-8434.04,1468.8,3725.84,10362.42,7018.93,13595.52,24299.1,0.0,7714.56,12354.32,-8787.21,182860.71,12539.0,267651.05,-18502.02
20-Apr-2026,92412.32,37483.45,2369.0,1784.95,113100.36,25118.1,26326.16,10515.68,209662.41,-9787.5,-13632.4,125469.52,17807.16,-15908.64,-8434.04,1468.8,3725.84,10362.42,7018.93,23466.24,24299.1,0.0,7714.56,12354.32,-8787.21,189052.89,12539.0,294157.56,-18502.02
27-Apr-2026,92412.32,37483.45,2369.0,1784.95,113100.36,25118.1,26326.16,10515.68,207139.41,-9787.5,-13632.4,126922.17,17807.16,-15908.64,-8434.04,1468.8,3725.84,10362.42,7018.93,25887.36,24299.1,0.0,7714.56,12354.32,-8787.21,186561.21,12539.0,280042.3,-18502.02
04-May-2026,92412.32,37483.45,2369.0,1784.95,113100.36,25118.1,26326.16,10515.68,200848.72,-9787.5,-13632.4,124794.35,17807.16,-15908.64,-8434.04,1468.8,3725.84,10362.42,7018.93,26259.85,24299.1,0.0,7714.57,12354.32,-8787.21,176372.51,12539.0,279266.5,-18502.02
11-May-2026,92412.32,37483.45,2369.0,1784.95,113100.36,25118.1,26326.16,10515.68,203708.14,-9787.5,-13632.4,117408.28,17807.16,-15908.64,-8434.04,1468.8,3725.84,10362.42,7018.93,24769.91,24299.1,7236.95,15630.73,12354.32,-8787.21,176372.51,12539.0,302820.64,-18502.02
18-May-2026,92412.32,37483.45,2369.0,1784.95,113100.36,25118.1,26326.16,10515.68,225473.2,-9787.5,-13632.4,117408.28,17807.16,-15908.64,-8434.04,1468.8,3725.84,10362.42,7018.93,29798.4,24299.1,7236.95,6913.52,12354.32,-8787.21,176372.51,12539.0,328400.51,-18502.02
25-May-2026,92412.32,37483.45,2369.0,1784.95,113100.36,25118.1,26326.16,10515.68,228198.03,-9787.5,-13632.4,117408.28,17807.16,-15908.64,-8434.04,1468.8,3725.84,10362.42,7018.93,32405.77,24299.1,7236.95,13934.41,12354.32,-8787.21,176372.51,12539.0,334585.35,-18502.02
01-Jun-2026,92412.32,37483.45,2369.0,1784.95,113100.36,25118.1,26326.16,10515.68,218038.76,-9787.5,-13632.4,117408.28,17807.16,-15908.64,-8434.04,1468.8,3725.84,10362.42,7018.93,35571.85,24299.1,-5528.85,6136.03,12354.32,-8787.21,176372.51,12539.0,320599.39,-18502.02
08-Jun-2026,92412.32,37483.45,2369.0,1784.95,113100.36,25118.1,26326.16,10515.68,206836.66,-9787.5,-13632.4,117408.28,17807.16,-15908.64,-8434.04,1468.8,3725.84,10362.42,7018.93,24956.16,24299.1,-12091.55,7149.11,12354.32,-8787.21,176372.51,12539.0,274029.83,-18502.02
15-Jun-2026,92412.32,37483.45,2369.0,1784.95,113100.36,25118.1,26326.16,10515.68,206668.45,-9787.5,-13632.4,117408.28,17807.16,-15908.64,-8434.04,1468.8,3725.84,10362.42,7018.93,29239.68,24299.1,1438.39,11366.36,12354.32,-8787.21,176372.51,12539.0,297066.79,-18502.02
22-Jun-2026,92412.32,37483.45,2369.0,1784.95,113100.36,25118.1,26326.16,10515.68,196610.1,-9787.5,-13632.4,117408.28,17807.16,-15908.64,-8434.04,1468.8,3725.84,10362.42,7018.93,27377.28,24299.1,4180.35,27269.36,12354.32,-8787.21,176372.51,12539.0,268017.4,-18502.02
29-Jun-2026,92412.32,37483.45,2369.0,1784.95,113100.36,25118.1,26326.16,10515.68,180832.93,-9787.5,-13632.4,117408.28,17807.16,-15908.64,-8434.04,1468.8,3725.84,10362.42,7018.93,17506.56,24299.1,-1438.4,18245.87,12354.32,-8787.22,176372.51,12539.0,231123.81,-18502.02
06-Jul-2026,92412.32,37483.45,2369.0,1784.95,113100.36,25118.1,26326.16,10515.68,180832.93,-9787.5,-13632.4,117408.28,17807.16,-15908.64,-8434.04,1468.8,3725.84,10362.42,7018.93,20672.64,24299.1,-134.85,24630.65,12354.32,740.92,176372.51,12539.0,257716.5,-18502.02
13-Jul-2026,92412.32,37483.45,2369.0,1784.95,113100.36,25118.1,26326.16,10515.68,180832.93,-9787.5,-13632.4,117408.28,17807.16,-15908.64,-8434.04,1468.8,3725.84,10362.42,7018.93,19182.73,24299.1,2112.65,19164.73,12354.32,-1376.46,176372.51,12539.0,229917.01,-18502.02
20-Jul-2026,92412.32,37483.45,2369.0,1784.95,113100.36,25118.1,26326.16,10515.68,180832.93,-9787.5,-13632.4,117408.28,17807.16,-15908.64,-8434.04,1468.8,3725.84,10362.42,7018.93,18065.28,24299.1,-2876.8,17138.57,12354.32,4370.68,176372.51,12539.0,230843.65,-18502.02
27-Jul-2026,92412.32,37483.45,2369.0,1784.95,113100.36,25118.1,26326.16,10515.68,180832.93,-9787.5,-13632.4,117408.28,17807.16,-15908.64,-8434.04,1468.8,3725.84,10362.42,7018.93,16575.36,24299.1,-8900.1,18764.19,12354.32,3614.46,176372.51,12539.0,241877.24,-18502.02
30-Jul-2026,92412.32,37483.45,2369.0,1784.95,113100.36,25118.1,26326.16,10515.68,180832.93,-9787.5,-13632.4,117408.28,17807.16,-15908.64,-8434.04,1468.8,3725.84,10362.42,7018.93,20858.89,24299.1,-11102.64,12685.73,12354.32,9210.35,176372.51,12539.0,228128.36,-18502.02
