Sr no.,Stock Name,Entry Price,Exit Price,Qty,P&L,Entry Date,Exit Date,Exit Reason
1,PSUBNKBEES,29.08,27.03,3438,-7047.90,06 January 2022,13 June 2022,Rebalance
2,NIFTYBEES,191.92,194.09,521,1130.57,06 January 2022,16 August 2022,Rebalance
3,JUNIORBEES,446.91,447.21,223,66.90,06 January 2022,22 August 2022,Rebalance
4,GOLDBEES,44.19,43.85,2112,-718.08,13 June 2022,29 August 2022,Rebalance
5,PVTBANIETF,19.46,22.14,5125,13755.50,22 August 2022,22 May 2023,Rebalance
6,CPSEETF,30.81,45.34,3245,47149.85,06 January 2022,24 July 2023,Rebalance
7,FMCGIETF,43.73,54.40,2312,24662.10,16 August 2022,31 July 2023,Rebalance
8,AUTOBEES,140.31,162.56,808,17978.00,22 May 2023,03 October 2023,Rebalance
9,HEALTHIETF,96.52,97.28,1303,990.28,31 July 2023,16 October 2023,Rebalance
10,MID150BEES,155.43,183.36,815,22762.95,16 October 2023,05 February 2024,Rebalance
11,INFRAIETF,80.92,89.95,1847,16678.41,05 February 2024,10 June 2024,Rebalance
12,ICICIB22,46.12,111.34,2168,141396.96,06 January 2022,01 July 2024,Rebalance
13,PSUBNKBEES,32.52,81.67,2848,139979.20,29 August 2022,01 July 2024,Rebalance
14,MAKEINDIA,148.89,153.22,1591,6889.03,01 July 2024,02 September 2024,Rebalance
15,ALPHA,32.00,54.88,4601,105270.88,24 July 2023,07 October 2024,Rebalance
16,AUTOBEES,254.15,257.95,654,2485.20,10 June 2024,21 October 2024,Rebalance
17,JUNIORBEES,767.87,741.01,308,-8272.88,01 July 2024,04 November 2024,Rebalance
18,CPSEETF,52.88,87.59,2484,86219.64,03 October 2023,18 November 2024,Rebalance
19,PHARMABEES,23.50,22.67,10398,-8630.34,02 September 2024,16 December 2024,Rebalance
20,HEALTHIETF,147.53,137.75,1711,-16733.58,07 October 2024,17 February 2025,Rebalance
21,TNIDETF,92.67,86.88,2462,-14254.98,04 November 2024,24 February 2025,Rebalance
22,ITBEES,44.49,40.56,3794,-14910.42,21 October 2024,03 March 2025,Rebalance
23,LIQUIDCASE,107.32,108.28,1434,1376.64,03 March 2025,28 April 2025,Rebalance
24,SILVERBEES,87.27,94.55,2701,19663.28,16 December 2024,26 May 2025,Rebalance
25,LTGILTBEES,27.56,28.94,8552,11801.76,17 February 2025,26 May 2025,Rebalance
26,GILT5YBEES,59.53,62.40,3593,10311.91,24 February 2025,26 May 2025,Rebalance
27,PVTBANIETF,27.67,28.37,8759,6131.30,26 May 2025,30 June 2025,Rebalance
28,BANKBEES,569.80,575.55,425,2443.75,26 May 2025,18 August 2025,Rebalance
29,BFSI,26.92,27.21,5768,1672.72,28 April 2025,25 August 2025,Rebalance
30,HDFCSML250,179.04,171.79,1389,-10070.25,30 June 2025,25 August 2025,Rebalance
31,TNIDETF,95.21,93.32,2077,-3925.53,25 August 2025,01 September 2025,Rebalance
32,MODEFENCE,83.30,86.58,2328,7635.84,01 September 2025,29 September 2025,Rebalance
33,AUTOBEES,260.88,283.55,758,17183.86,25 August 2025,19 January 2026,Rebalance
34,FINIETF,29.51,32.66,8212,25867.80,26 May 2025,23 February 2026,Rebalance
35,PSUBNKBEES,82.53,94.14,2442,28351.62,29 September 2025,04 May 2026,Rebalance
36,ICICIB22,127.24,121.12,2107,-12894.84,23 February 2026,11 May 2026,Rebalance
37,GOLDBEES,62.90,116.43,3460,185213.80,18 November 2024,29 June 2026,Rebalance
38,SILVERBEES,110.06,206.55,2222,214400.79,18 August 2025,03 August 2026,EOP
39,METALIETF,11.65,12.96,18455,24176.05,19 January 2026,03 August 2026,EOP
40,MODEFENCE,98.62,103.10,2332,10447.36,04 May 2026,03 August 2026,EOP
41,MOCAPITAL,55.12,52.85,4630,-10510.11,11 May 2026,03 August 2026,EOP
42,PHARMABEES,25.90,27.22,15554,20531.27,29 June 2026,03 August 2026,EOP


Sr no.,Date,Unrealised PL,Realised PL,Total PL
0,06 January 2022,0.00,0.00,0.00
1,10 January 2022,8659.61,0.00,8659.61
2,17 January 2022,18319.74,0.00,18319.74
3,24 January 2022,-6834.10,0.00,-6834.10
4,31 January 2022,16481.47,0.00,16481.47
5,07 February 2022,18759.33,0.00,18759.33
6,14 February 2022,-636.67,0.00,-636.67
7,21 February 2022,878.31,0.00,878.31
8,28 February 2022,-4277.35,0.00,-4277.35
9,07 March 2022,-15008.23,0.00,-15008.23
10,14 March 2022,2320.32,0.00,2320.32
11,21 March 2022,5742.18,0.00,5742.18
12,28 March 2022,11022.67,0.00,11022.67
13,04 April 2022,31303.21,0.00,31303.21
14,11 April 2022,43464.91,0.00,43464.91
15,18 April 2022,37620.24,0.00,37620.24
16,25 April 2022,22838.63,0.00,22838.63
17,02 May 2022,21583.95,0.00,21583.95
18,09 May 2022,3841.59,0.00,3841.59
19,16 May 2022,-17155.12,0.00,-17155.12
20,23 May 2022,-10927.27,0.00,-10927.27
21,30 May 2022,-2370.63,0.00,-2370.63
22,06 June 2022,-1156.37,0.00,-1156.37
23,13 June 2022,-10784.87,-7047.90,-17832.77
24,20 June 2022,-32551.13,-7047.90,-39599.03
25,27 June 2022,-19698.00,-7047.90,-26745.90
26,04 July 2022,-19040.48,-7047.90,-26088.38
27,11 July 2022,-10368.37,-7047.90,-17416.27
28,18 July 2022,-5386.68,-7047.90,-12434.58
29,25 July 2022,2879.02,-7047.90,-4168.88
30,01 August 2022,19393.29,-7047.90,12345.39
31,08 August 2022,23532.53,-7047.90,16484.63
32,15 August 2022,31549.78,-5917.33,25632.45
33,22 August 2022,25914.21,-5850.43,20063.78
34,29 August 2022,31952.14,-6568.51,25383.63
35,05 September 2022,45872.22,-6568.51,39303.71
36,12 September 2022,54947.56,-6568.51,48379.05
37,19 September 2022,56910.44,-6568.51,50341.93
38,26 September 2022,27323.47,-6568.51,20754.96
39,03 October 2022,25056.05,-6568.51,18487.54
40,10 October 2022,37585.74,-6568.51,31017.23
41,17 October 2022,41974.93,-6568.51,35406.42
42,24 October 2022,63824.16,-6568.51,57255.65
43,31 October 2022,72177.63,-6568.51,65609.12
44,07 November 2022,85839.39,-6568.51,79270.88
45,14 November 2022,82067.30,-6568.51,75498.79
46,21 November 2022,86811.17,-6568.51,80242.66
47,28 November 2022,99637.27,-6568.51,93068.76
48,05 December 2022,109101.29,-6568.51,102532.78
49,12 December 2022,117133.81,-6568.51,110565.30
50,19 December 2022,116813.89,-6568.51,110245.38
51,26 December 2022,99000.82,-6568.51,92432.31
52,02 January 2023,110190.50,-6568.51,103621.99
53,09 January 2023,106613.80,-6568.51,100045.29
54,16 January 2023,104409.50,-6568.51,97840.99
55,23 January 2023,110377.33,-6568.51,103808.82
56,30 January 2023,82015.61,-6568.51,75447.10
57,06 February 2023,94289.70,-6568.51,87721.19
58,13 February 2023,91083.79,-6568.51,84515.28
59,20 February 2023,91932.95,-6568.51,85364.44
60,27 February 2023,86961.59,-6568.51,80393.08
61,06 March 2023,107525.35,-6568.51,100956.84
62,13 March 2023,91845.69,-6568.51,85277.18
63,20 March 2023,85841.25,-6568.51,79272.74
64,27 March 2023,79191.22,-6568.51,72622.71
65,03 April 2023,96015.44,-6568.51,89446.93
66,10 April 2023,99444.23,-6568.51,92875.72
67,17 April 2023,114806.50,-6568.51,108237.99
68,24 April 2023,118307.96,-6568.51,111739.45
69,01 May 2023,136643.22,-6568.51,130074.71
70,08 May 2023,138541.73,-6568.51,131973.22
71,15 May 2023,139506.66,-6568.51,132938.15
72,22 May 2023,122051.26,7186.99,129238.25
73,29 May 2023,132294.05,7186.99,139481.04
74,05 June 2023,137442.18,7186.99,144629.17
75,12 June 2023,142736.11,7186.99,149923.10
76,19 June 2023,149805.57,7186.99,156992.56
77,26 June 2023,143933.44,7186.99,151120.43
78,03 July 2023,165622.72,7186.99,172809.71
79,10 July 2023,174941.20,7186.99,182128.19
80,17 July 2023,180449.59,7186.99,187636.58
81,24 July 2023,142483.26,54336.84,196820.10
82,31 July 2023,127649.93,78998.94,206648.87
83,07 August 2023,116928.14,78998.94,195927.08
84,14 August 2023,116116.84,78998.94,195115.78
85,21 August 2023,120512.09,78998.94,199511.03
86,28 August 2023,122210.57,78998.94,201209.51
87,04 September 2023,138586.99,78998.94,217585.93
88,11 September 2023,164851.87,78998.94,243850.81
89,18 September 2023,175055.68,78998.94,254054.62
90,25 September 2023,165547.83,78998.94,244546.77
91,02 October 2023,159780.21,96976.94,256757.15
92,09 October 2023,136260.82,96976.94,233237.76
93,16 October 2023,150802.46,97967.22,248769.68
94,23 October 2023,120775.44,97967.22,218742.66
95,30 October 2023,127439.97,97967.22,225407.19
96,06 November 2023,146224.98,97967.22,244192.20
97,13 November 2023,170496.51,97967.22,268463.73
98,20 November 2023,175079.41,97967.22,273046.63
99,27 November 2023,177165.77,97967.22,275132.99
100,04 December 2023,219895.03,97967.22,317862.25
101,11 December 2023,241609.13,97967.22,339576.35
102,18 December 2023,266587.92,97967.22,364555.14
103,25 December 2023,264375.58,97967.22,362342.80
104,01 January 2024,281158.43,97967.22,379125.65
105,08 January 2024,288818.58,97967.22,386785.80
106,15 January 2024,309923.95,97967.22,407891.17
107,22 January 2024,299267.90,97967.22,397235.12
108,29 January 2024,338442.66,97967.22,436409.88
109,05 February 2024,357454.39,120730.17,478184.56
110,12 February 2024,332773.86,120730.17,453504.03
111,19 February 2024,386279.03,120730.17,507009.20
112,26 February 2024,387573.66,120730.17,508303.83
113,04 March 2024,405302.84,120730.17,526033.01
114,11 March 2024,401767.69,120730.17,522497.86
115,18 March 2024,343556.82,120730.17,464286.99
116,25 March 2024,369490.91,120730.17,490221.08
117,01 April 2024,399597.97,120730.17,520328.14
118,08 April 2024,421823.10,120730.17,542553.27
119,15 April 2024,407516.61,120730.17,528246.78
120,22 April 2024,410481.61,120730.17,531211.78
121,29 April 2024,448353.00,120730.17,569083.17
122,06 May 2024,438798.20,120730.17,559528.37
123,13 May 2024,407848.48,120730.17,528578.65
124,20 May 2024,471582.72,120730.17,592312.89
125,27 May 2024,492806.88,120730.17,613537.05
126,03 June 2024,551503.02,120730.17,672233.19
127,10 June 2024,463698.57,137408.58,601107.15
128,17 June 2024,500590.92,137408.58,637999.50
129,24 June 2024,485571.12,137408.58,622979.70
130,01 July 2024,206786.01,418784.74,625570.75
131,08 July 2024,239938.11,418784.74,658722.85
132,15 July 2024,255370.31,418784.74,674155.05
133,22 July 2024,223076.38,418784.74,641861.12
134,29 July 2024,261179.10,418784.74,679963.84
135,05 August 2024,218532.32,418784.74,637317.06
136,12 August 2024,239906.05,418784.74,658690.79
137,19 August 2024,248326.82,418784.74,667111.56
138,26 August 2024,265292.94,418784.74,684077.68
139,02 September 2024,260777.51,425673.77,686451.28
140,09 September 2024,234661.96,425673.77,660335.73
141,16 September 2024,255569.31,425673.77,681243.08
142,23 September 2024,268044.04,425673.77,693717.81
143,30 September 2024,274545.61,425673.77,700219.38
144,07 October 2024,118560.54,530944.65,649505.19
145,14 October 2024,148395.16,530944.65,679339.81
146,21 October 2024,112508.46,533429.85,645938.31
147,28 October 2024,87608.71,533429.85,621038.56
148,04 November 2024,85761.20,525156.97,610918.17
149,11 November 2024,97906.30,525156.97,623063.27
150,18 November 2024,-28142.76,611376.61,583233.85
151,25 November 2024,9510.78,611376.61,620887.39
152,02 December 2024,18599.02,611376.61,629975.63
153,09 December 2024,31382.25,611376.61,642758.86
154,16 December 2024,49006.59,602746.27,651752.86
155,23 December 2024,24468.68,602746.27,627214.95
156,30 December 2024,32900.09,602746.27,635646.36
157,06 January 2025,34132.71,602746.27,636878.98
158,13 January 2025,20474.97,602746.27,623221.24
159,20 January 2025,18987.65,602746.27,621733.92
160,27 January 2025,2543.27,602746.27,605289.54
161,03 February 2025,26140.08,602746.27,628886.35
162,10 February 2025,47568.64,602746.27,650314.91
163,17 February 2025,36796.93,586012.69,622809.62
164,24 February 2025,42264.86,571757.71,614022.57
165,03 March 2025,41155.12,556847.29,598002.41
166,10 March 2025,52469.83,556847.29,609317.12
167,17 March 2025,64517.57,556847.29,621364.86
168,24 March 2025,58338.80,556847.29,615186.09
169,31 March 2025,84025.35,556847.29,640872.64
170,07 April 2025,49448.20,556847.29,606295.49
171,14 April 2025,78375.67,556847.29,635222.96
172,21 April 2025,95516.05,556847.29,652363.34
173,28 April 2025,87009.21,558223.93,645233.14
174,05 May 2025,86109.65,558223.93,644333.58
175,12 May 2025,82611.27,558223.93,640835.20
176,19 May 2025,90218.66,558223.93,648442.59
177,26 May 2025,60792.76,600000.88,660793.64
178,02 June 2025,66651.42,600000.88,666652.30
179,09 June 2025,91395.34,600000.88,691396.22
180,16 June 2025,83031.14,600000.88,683032.02
181,23 June 2025,82157.86,600000.88,682158.74
182,30 June 2025,89320.51,606132.18,695452.69
183,07 July 2025,80426.05,606132.18,686558.23
184,14 July 2025,83834.93,606132.18,689967.11
185,21 July 2025,89902.08,606132.18,696034.26
186,28 July 2025,65311.40,606132.18,671443.58
187,04 August 2025,65450.57,606132.18,671582.75
188,11 August 2025,58597.32,606132.18,664729.50
189,18 August 2025,67625.21,608575.93,676201.14
190,25 August 2025,79885.90,600178.40,680064.30
191,01 September 2025,100906.80,596252.87,697159.67
192,08 September 2025,132234.94,596252.87,728487.81
193,15 September 2025,158948.54,596252.87,755201.41
194,22 September 2025,185159.62,596252.87,781412.49
195,29 September 2025,190166.28,603888.71,794054.99
196,06 October 2025,227273.34,603888.71,831162.05
197,13 October 2025,289795.24,603888.71,893683.95
198,20 October 2025,277232.36,603888.71,881121.07
199,27 October 2025,243755.12,603888.71,847643.83
200,03 November 2025,259337.30,603888.71,863226.01
201,10 November 2025,274820.30,603888.71,878709.01
202,17 November 2025,292334.42,603888.71,896223.13
203,24 November 2025,279549.50,603888.71,883438.21
204,01 December 2025,355068.44,603888.71,958957.15
205,08 December 2025,347631.92,603888.71,951520.63
206,15 December 2025,395826.02,603888.71,999714.73
207,22 December 2025,436050.66,603888.71,1039939.37
208,29 December 2025,477234.54,603888.71,1081123.25
209,05 January 2026,521424.68,603888.71,1125313.39
210,12 January 2026,558455.92,603888.71,1162344.63
211,19 January 2026,653017.82,621072.57,1274090.39
212,26 January 2026,757133.70,621072.57,1378206.27
213,02 February 2026,479017.27,621072.57,1100089.84
214,09 February 2026,604510.70,621072.57,1225583.27
215,16 February 2026,563740.51,621072.57,1184813.08
216,23 February 2026,614917.68,646940.37,1261858.05
217,02 March 2026,695207.31,646940.37,1342147.68
218,09 March 2026,568979.77,646940.37,1215920.14
219,16 March 2026,501770.66,646940.37,1148711.03
220,23 March 2026,329483.35,646940.37,976423.72
221,30 March 2026,412849.71,646940.37,1059790.08
222,06 April 2026,460917.17,646940.37,1107857.54
223,13 April 2026,502078.74,646940.37,1149019.11
224,20 April 2026,557090.16,646940.37,1204030.53
225,27 April 2026,541369.76,646940.37,1188310.13
226,04 May 2026,493840.38,675291.99,1169132.37
227,11 May 2026,532715.53,662397.15,1195112.68
228,18 May 2026,576951.62,662397.15,1239348.77
229,25 May 2026,603998.42,662397.15,1266395.57
230,01 June 2026,561397.67,662397.15,1223794.82
231,08 June 2026,485582.06,662397.15,1147979.21
232,15 June 2026,531517.47,662397.15,1193914.62
233,22 June 2026,507939.31,662397.15,1170336.46
234,29 June 2026,243957.26,847610.95,1091568.21
235,06 July 2026,291975.53,847610.95,1139586.48
236,13 July 2026,256562.53,847610.95,1104173.48
237,20 July 2026,255176.39,847610.95,1102787.34
238,27 July 2026,259703.81,847610.95,1107314.76
239,03 August 2026(End of Period),0.00,1106656.31,1106656.31
