ETF,01-Jun-2022,06-Jun-2022,13-Jun-2022,20-Jun-2022,27-Jun-2022,04-Jul-2022,11-Jul-2022,18-Jul-2022,25-Jul-2022,01-Aug-2022,08-Aug-2022,15-Aug-2022,16-Aug-2022,22-Aug-2022,29-Aug-2022,05-Sep-2022,12-Sep-2022,19-Sep-2022,26-Sep-2022,03-Oct-2022,10-Oct-2022,17-Oct-2022,24-Oct-2022,31-Oct-2022,07-Nov-2022,14-Nov-2022,21-Nov-2022,28-Nov-2022,05-Dec-2022,12-Dec-2022,19-Dec-2022,26-Dec-2022,02-Jan-2023,09-Jan-2023,16-Jan-2023,23-Jan-2023,30-Jan-2023,06-Feb-2023,13-Feb-2023,20-Feb-2023,27-Feb-2023,06-Mar-2023,13-Mar-2023,20-Mar-2023,27-Mar-2023,03-Apr-2023,10-Apr-2023,17-Apr-2023,24-Apr-2023,01-May-2023,08-May-2023,15-May-2023,22-May-2023,29-May-2023,05-Jun-2023,12-Jun-2023,19-Jun-2023,26-Jun-2023,03-Jul-2023,10-Jul-2023,17-Jul-2023,24-Jul-2023,31-Jul-2023,07-Aug-2023,14-Aug-2023,21-Aug-2023,28-Aug-2023,04-Sep-2023,11-Sep-2023,18-Sep-2023,25-Sep-2023,02-Oct-2023,03-Oct-2023,09-Oct-2023,16-Oct-2023,23-Oct-2023,30-Oct-2023,06-Nov-2023,13-Nov-2023,20-Nov-2023,27-Nov-2023,04-Dec-2023,11-Dec-2023,18-Dec-2023,25-Dec-2023,01-Jan-2024,08-Jan-2024,15-Jan-2024,22-Jan-2024,29-Jan-2024,05-Feb-2024,12-Feb-2024,19-Feb-2024,26-Feb-2024,04-Mar-2024,11-Mar-2024,18-Mar-2024,25-Mar-2024,01-Apr-2024,08-Apr-2024,15-Apr-2024,22-Apr-2024,29-Apr-2024,06-May-2024,13-May-2024,20-May-2024,27-May-2024,03-Jun-2024,10-Jun-2024,17-Jun-2024,24-Jun-2024,01-Jul-2024,08-Jul-2024,15-Jul-2024,22-Jul-2024,29-Jul-2024,05-Aug-2024,12-Aug-2024,19-Aug-2024,26-Aug-2024,02-Sep-2024,09-Sep-2024,16-Sep-2024,23-Sep-2024,30-Sep-2024,07-Oct-2024,14-Oct-2024,21-Oct-2024,28-Oct-2024,04-Nov-2024,11-Nov-2024,18-Nov-2024,25-Nov-2024,02-Dec-2024,09-Dec-2024,16-Dec-2024,23-Dec-2024,30-Dec-2024,06-Jan-2025,13-Jan-2025,20-Jan-2025,27-Jan-2025,03-Feb-2025,10-Feb-2025,17-Feb-2025,24-Feb-2025,03-Mar-2025,10-Mar-2025,17-Mar-2025,24-Mar-2025,31-Mar-2025,07-Apr-2025,14-Apr-2025,21-Apr-2025,28-Apr-2025,05-May-2025,12-May-2025,19-May-2025,26-May-2025,02-Jun-2025,09-Jun-2025,16-Jun-2025,23-Jun-2025,30-Jun-2025,07-Jul-2025,14-Jul-2025,21-Jul-2025,28-Jul-2025,04-Aug-2025,11-Aug-2025,18-Aug-2025,25-Aug-2025,01-Sep-2025,08-Sep-2025,15-Sep-2025,22-Sep-2025,29-Sep-2025,06-Oct-2025,13-Oct-2025,20-Oct-2025,27-Oct-2025,03-Nov-2025,10-Nov-2025,17-Nov-2025,24-Nov-2025,01-Dec-2025,08-Dec-2025,15-Dec-2025,22-Dec-2025,29-Dec-2025,05-Jan-2026,12-Jan-2026,19-Jan-2026,26-Jan-2026,02-Feb-2026,09-Feb-2026,16-Feb-2026,23-Feb-2026,02-Mar-2026,09-Mar-2026,16-Mar-2026,23-Mar-2026,30-Mar-2026,06-Apr-2026,13-Apr-2026,20-Apr-2026,27-Apr-2026,04-May-2026,11-May-2026,18-May-2026,25-May-2026,01-Jun-2026,08-Jun-2026,15-Jun-2026,22-Jun-2026,29-Jun-2026,06-Jul-2026,13-Jul-2026,20-Jul-2026,27-Jul-2026,03-Aug-2026
ALPHA,0.0,0.0,0.0,0.0,0.0,0.0,0.0,0.0,0.0,0.0,0.0,0.0,0.0,0.0,0.0,0.0,0.0,0.0,0.0,0.0,0.0,0.0,0.0,0.0,0.0,0.0,0.0,0.0,0.0,0.0,0.0,0.0,0.0,0.0,0.0,0.0,0.0,0.0,0.0,0.0,0.0,0.0,0.0,0.0,0.0,0.0,0.0,0.0,0.0,0.0,0.0,0.0,0.0,0.0,0.0,0.0,0.0,0.0,0.0,0.0,0.0,0.0,3594.71,2140.67,1373.26,2181.06,3392.76,9208.92,14903.9,11915.05,10259.06,10259.06,13853.77,9047.37,13167.13,8279.95,8118.38,12844.02,18256.28,21608.64,21608.64,28798.07,32029.27,36956.86,36956.86,35906.71,39461.03,41076.62,41076.62,49154.62,53435.97,47337.08,53597.53,54526.5,54405.33,52789.73,44267.44,44267.44,58040.43,63210.36,59252.12,59777.2,65431.8,67653.25,61069.68,61069.68,79487.52,86676.94,82435.99,82435.99,90069.7,90029.31,100167.2,102792.55,94270.26,101338.51,92977.78,97339.89,100611.49,102267.48,104004.25,98713.15,105781.4,109133.78,105619.86,92412.32,92412.32,92412.32,92412.32,92412.32,92412.32,92412.32,92412.32,92412.32,92412.32,92412.32,92412.32,92412.32,92412.32,92412.32,92412.32,92412.32,92412.32,92412.32,92412.32,92412.32,92412.32,92412.32,92412.32,92412.32,92412.32,92412.32,92412.32,92412.32,92412.32,92412.32,92412.32,92412.32,92412.32,92412.32,92412.32,92412.32,92412.32,92412.32,92412.32,92412.32,92412.32,92412.32,92412.32,92412.32,92412.32,92412.32,92412.32,92412.32,92412.32,92412.32,92412.32,92412.32,92412.32,92412.32,92412.32,92412.32,92412.32,92412.32,92412.32,92412.32,92412.32,92412.32,92412.32,92412.32,92412.32,92412.32,92412.32,92412.32,92412.32,92412.32,92412.32,92412.32,92412.32,92412.32,92412.32,92412.32,92412.32,92412.32,92412.32,92412.32,92412.32,92412.32,92412.32,92412.32,92412.32,92412.32,92412.32,92412.32,92412.32,92412.32,92412.32,92412.32,92412.32,92412.32,92412.32
AUTOBEES,0.0,0.0,0.0,0.0,0.0,0.0,0.0,0.0,0.0,0.0,0.0,0.0,0.0,0.0,0.0,0.0,0.0,0.0,0.0,0.0,0.0,0.0,0.0,0.0,0.0,0.0,0.0,0.0,0.0,0.0,0.0,0.0,0.0,0.0,0.0,0.0,0.0,0.0,0.0,0.0,0.0,0.0,0.0,0.0,0.0,0.0,0.0,0.0,0.0,0.0,0.0,0.0,-32.85,2574.47,5349.83,6167.27,6185.5,6507.61,9588.1,12013.15,13275.69,13993.63,14843.22,12529.79,12141.34,12929.14,13303.45,17026.64,20456.28,21955.49,19225.32,19225.32,17488.5,17488.5,17488.5,17488.5,17488.5,17488.5,17488.5,17488.5,17488.5,17488.5,17488.5,17488.5,17488.5,17488.5,17488.5,17488.5,17488.5,17488.5,17488.5,17488.5,17488.5,17488.5,17488.5,17488.5,17488.5,17488.5,17488.5,17488.5,17488.5,17488.5,17488.5,17488.5,17488.5,17488.5,17488.5,17488.5,17263.04,17263.04,19623.97,19717.5,19626.48,20748.02,19578.24,27907.69,16039.73,20192.76,20856.7,24912.29,25816.97,21712.03,24085.37,31023.34,32589.67,23900.48,28565.35,20140.9,20140.9,20140.9,20140.9,20140.9,20140.9,20140.9,20140.9,20140.9,20140.9,20140.9,20140.9,20140.9,20140.9,20140.9,20140.9,20140.9,20140.9,20140.9,20140.9,20140.9,20140.9,20140.9,20140.9,20140.9,20140.9,20140.9,20140.9,20140.9,20140.9,20140.9,20140.9,20140.9,20140.9,20140.9,20140.9,20140.9,20140.9,20140.9,20140.9,20140.9,20140.9,20140.9,20140.9,20412.16,22258.96,34660.59,31256.35,34193.95,28066.29,31554.69,30131.8,33895.59,34561.16,31462.89,31417.0,36695.49,35609.2,40780.59,37384.01,37315.14,39013.44,36848.5,47719.14,40466.96,37483.45,37483.45,37483.45,37483.45,37483.45,37483.45,37483.45,37483.45,37483.45,37483.45,37483.45,37483.45,37483.45,37483.45,37483.45,37483.45,37483.45,37483.45,37483.45,37483.45,37483.45,37483.45,37483.45,37483.45,37483.45,37483.45,37483.45,37483.45,37483.45
BANKBEES,0.0,0.0,0.0,0.0,0.0,0.0,0.0,0.0,0.0,0.0,0.0,0.0,0.0,0.0,0.0,0.0,0.0,0.0,0.0,0.0,0.0,0.0,0.0,0.0,0.0,0.0,0.0,0.0,0.0,0.0,0.0,0.0,0.0,0.0,0.0,0.0,0.0,0.0,0.0,0.0,0.0,0.0,0.0,0.0,0.0,0.0,0.0,0.0,0.0,0.0,0.0,0.0,0.0,0.0,0.0,0.0,0.0,0.0,0.0,0.0,0.0,0.0,0.0,0.0,0.0,0.0,0.0,0.0,0.0,0.0,0.0,0.0,0.0,0.0,0.0,0.0,0.0,0.0,0.0,0.0,0.0,0.0,0.0,0.0,0.0,0.0,0.0,0.0,0.0,0.0,0.0,0.0,0.0,0.0,0.0,0.0,0.0,0.0,0.0,0.0,0.0,0.0,0.0,0.0,0.0,0.0,0.0,0.0,0.0,0.0,0.0,0.0,0.0,0.0,0.0,0.0,0.0,0.0,0.0,0.0,0.0,0.0,0.0,0.0,0.0,0.0,0.0,0.0,0.0,0.0,0.0,0.0,0.0,0.0,0.0,0.0,0.0,0.0,0.0,0.0,0.0,0.0,0.0,0.0,0.0,0.0,0.0,0.0,0.0,0.0,0.0,0.0,0.0,0.0,0.0,0.0,0.0,0.0,-0.01,1532.65,6023.43,1722.15,2092.96,8021.65,6488.99,6114.09,6711.49,3333.09,1639.77,856.96,2369.0,2369.0,2369.0,2369.0,2369.0,2369.0,2369.0,2369.0,2369.0,2369.0,2369.0,2369.0,2369.0,2369.0,2369.0,2369.0,2369.0,2369.0,2369.0,2369.0,2369.0,2369.0,2369.0,2369.0,2369.0,2369.0,2369.0,2369.0,2369.0,2369.0,2369.0,2369.0,2369.0,2369.0,2369.0,2369.0,2369.0,2369.0,2369.0,2369.0,2369.0,2369.0,2369.0,2369.0,2369.0,2369.0,2369.0,2369.0,2369.0,2369.0,2369.0
BFSI,0.0,0.0,0.0,0.0,0.0,0.0,0.0,0.0,0.0,0.0,0.0,0.0,0.0,0.0,0.0,0.0,0.0,0.0,0.0,0.0,0.0,0.0,0.0,0.0,0.0,0.0,0.0,0.0,0.0,0.0,0.0,0.0,0.0,0.0,0.0,0.0,0.0,0.0,0.0,0.0,0.0,0.0,0.0,0.0,0.0,0.0,0.0,0.0,0.0,0.0,0.0,0.0,0.0,0.0,0.0,0.0,0.0,0.0,0.0,0.0,0.0,0.0,0.0,0.0,0.0,0.0,0.0,0.0,0.0,0.0,0.0,0.0,0.0,0.0,0.0,0.0,0.0,0.0,0.0,0.0,0.0,0.0,0.0,0.0,0.0,0.0,0.0,0.0,0.0,0.0,0.0,0.0,0.0,0.0,0.0,0.0,0.0,0.0,0.0,0.0,0.0,0.0,0.0,0.0,0.0,0.0,0.0,0.0,0.0,0.0,0.0,0.0,0.0,0.0,0.0,0.0,0.0,0.0,0.0,0.0,0.0,0.0,0.0,0.0,0.0,0.0,0.0,0.0,0.0,0.0,0.0,0.0,0.0,0.0,0.0,0.0,0.0,0.0,0.0,0.0,0.0,0.0,0.0,0.0,0.0,0.0,0.0,0.0,0.0,0.0,0.0,0.0,0.0,0.0,0.0,-492.4,1538.75,1477.2,2585.1,1477.2,4677.8,2277.36,2092.7,6647.4,4554.7,4431.6,5416.4,3077.5,2092.7,1846.5,3693.0,1784.95,1784.95,1784.95,1784.95,1784.95,1784.95,1784.95,1784.95,1784.95,1784.95,1784.95,1784.95,1784.95,1784.95,1784.95,1784.95,1784.95,1784.95,1784.95,1784.95,1784.95,1784.95,1784.95,1784.95,1784.95,1784.95,1784.95,1784.95,1784.95,1784.95,1784.95,1784.95,1784.95,1784.95,1784.95,1784.95,1784.95,1784.95,1784.95,1784.95,1784.95,1784.95,1784.95,1784.95,1784.95,1784.95,1784.95,1784.95,1784.95,1784.95
CPSEETF,0.01,-28.5,-1966.5,-10374.0,-7581.01,-10402.5,-8664.0,-6840.0,-5643.0,-1140.0,-484.5,-484.5,2251.5,456.0,4104.0,5472.0,6042.0,6640.5,-1510.5,-85.5,2992.5,3277.5,5472.0,8322.0,10773.0,8407.5,8265.0,10488.0,11941.5,10003.5,10260.0,6555.0,9690.0,7638.0,7923.0,11542.5,7353.0,7324.5,8806.49,10516.5,12397.5,15447.0,14221.5,13167.0,9975.01,14107.5,15675.01,17670.0,17071.5,17071.5,21660.0,21517.5,21004.5,20890.5,19608.0,22429.5,23768.99,23170.5,25935.0,26647.5,26334.0,29241.0,29241.0,29241.0,29241.0,29241.0,29241.0,29241.0,29241.0,29241.0,29241.0,29241.0,29241.0,26631.72,31753.64,28516.2,29627.56,32792.52,38349.32,39170.76,39170.76,48158.28,52893.64,56904.2,56904.2,63765.64,66664.85,70192.2,70192.2,81040.04,92805.97,82658.75,97323.87,97710.44,103629.64,101358.61,86403.56,86403.56,98072.85,104209.49,104740.99,103146.44,110394.44,112351.4,105683.23,105683.23,127016.52,139869.64,119937.64,119937.64,127475.56,128441.97,142068.2,150137.64,142092.35,149606.11,143445.32,150089.32,149920.2,151852.99,149630.28,135762.44,139603.87,141971.56,146344.52,133273.97,137936.85,132404.2,119333.64,122136.2,123320.04,113100.36,113100.36,113100.36,113100.36,113100.36,113100.36,113100.36,113100.36,113100.36,113100.36,113100.36,113100.36,113100.36,113100.36,113100.36,113100.36,113100.36,113100.36,113100.36,113100.36,113100.36,113100.36,113100.36,113100.36,113100.36,113100.36,113100.36,113100.36,113100.36,113100.36,113100.36,113100.36,113100.36,113100.36,113100.36,113100.36,113100.36,113100.36,113100.36,113100.36,113100.36,113100.36,113100.36,113100.36,113100.36,113100.36,113100.36,113100.36,113100.36,113100.36,113100.36,113100.36,113100.36,113100.36,113100.36,113100.36,113100.36,113100.36,113100.36,113100.36,113100.36,113100.36,113100.36,113100.36,113100.36,113100.36,113100.36,113100.36,113100.36,113100.36,113100.36,113100.36,113100.36,113100.36,113100.36,113100.36,113100.36,113100.36,113100.36,113100.36,113100.36,113100.36,113100.36,113100.36,113100.36,113100.36,113100.36,113100.36,113100.36,113100.36
FINIETF,0.0,0.0,0.0,0.0,0.0,0.0,0.0,0.0,0.0,0.0,0.0,0.0,0.0,0.0,0.0,0.0,0.0,0.0,0.0,0.0,0.0,0.0,0.0,0.0,0.0,0.0,0.0,0.0,0.0,0.0,0.0,0.0,0.0,0.0,0.0,0.0,0.0,0.0,0.0,0.0,0.0,0.0,0.0,0.0,0.0,0.0,0.0,0.0,0.0,0.0,0.0,0.0,0.0,0.0,0.0,0.0,0.0,0.0,0.0,0.0,0.0,0.0,0.0,0.0,0.0,0.0,0.0,0.0,0.0,0.0,0.0,0.0,0.0,0.0,0.0,0.0,0.0,0.0,0.0,0.0,0.0,0.0,0.0,0.0,0.0,0.0,0.0,0.0,0.0,0.0,0.0,0.0,0.0,0.0,0.0,0.0,0.0,0.0,0.0,0.0,0.0,0.0,0.0,0.0,0.0,0.0,0.0,0.0,0.0,0.0,0.0,0.0,0.0,0.0,0.0,0.0,0.0,0.0,0.0,0.0,0.0,0.0,0.0,0.0,0.0,0.0,0.0,0.0,0.0,0.0,0.0,0.0,0.0,0.0,0.0,0.0,0.0,0.0,0.0,0.0,0.0,0.0,0.0,0.0,0.0,0.0,0.0,0.0,0.0,0.0,0.0,0.0,0.0,0.0,0.0,0.0,0.0,0.0,0.0,2471.94,15310.08,7974.0,7176.6,15230.34,9648.53,7575.29,9648.53,1275.84,1913.76,1594.79,7415.82,4066.74,-1913.76,2392.2,8372.7,9329.58,3588.29,9329.58,12678.66,18659.16,19695.78,21051.37,24559.92,24400.44,19536.29,26314.21,22486.69,22008.24,23284.08,22805.63,27590.05,21450.07,23842.26,23842.26,9967.5,24799.13,24081.47,25118.1,25118.1,25118.1,25118.1,25118.1,25118.1,25118.1,25118.1,25118.1,25118.1,25118.1,25118.1,25118.1,25118.1,25118.1,25118.1,25118.1,25118.1,25118.1,25118.1,25118.1,25118.1,25118.1,25118.1
FMCGIETF,0.0,0.0,0.0,0.0,0.0,0.0,0.0,0.0,0.0,0.0,0.0,0.0,9.87,165.36,-12.34,2102.74,2450.72,1739.94,2546.98,1712.79,900.82,772.48,3173.85,3383.63,4657.12,2724.67,2339.67,3386.1,6113.24,8578.77,7927.22,5089.02,3605.75,4891.58,3270.1,3573.67,3889.57,8620.72,6868.45,7310.22,6113.24,7729.77,6209.48,6851.17,6868.45,7751.98,8588.64,10590.19,11382.41,11382.41,15375.64,17917.68,16784.86,20899.03,21989.88,21170.5,24628.17,23727.36,26136.12,25955.96,28231.45,26644.53,26326.16,26326.16,26326.16,26326.16,26326.16,26326.16,26326.16,26326.16,26326.16,26326.16,26326.16,26326.16,26326.16,26326.16,26326.16,26326.16,26326.16,26326.16,26326.16,26326.16,26326.16,26326.16,26326.16,26326.16,26326.16,26326.16,26326.16,26326.16,26326.16,26326.16,26326.16,26326.16,26326.16,26326.16,26326.16,26326.16,26326.16,26326.16,26326.16,26326.16,26326.16,26326.16,26326.16,26326.16,26326.16,26326.16,26326.16,26326.16,26326.16,26326.16,26326.16,26326.16,26326.16,26326.16,26326.16,26326.16,26326.16,26326.16,26326.16,26326.16,26326.16,26326.16,26326.16,26326.16,26326.16,26326.16,26326.16,26326.16,26326.16,26326.16,26326.16,26326.16,26326.16,26326.16,26326.16,26326.16,26326.16,26326.16,26326.16,26326.16,26326.16,26326.16,26326.16,26326.16,26326.16,26326.16,26326.16,26326.16,26326.16,26326.16,26326.16,26326.16,26326.16,26326.16,26326.16,26326.16,26326.16,26326.16,26326.16,26326.16,26326.16,26326.16,26326.16,26326.16,26326.16,26326.16,26326.16,26326.16,26326.16,26326.16,26326.16,26326.16,26326.16,26326.16,26326.16,26326.16,26326.16,26326.16,26326.16,26326.16,26326.16,26326.16,26326.16,26326.16,26326.16,26326.16,26326.16,26326.16,26326.16,26326.16,26326.16,26326.16,26326.16,26326.16,26326.16,26326.16,26326.16,26326.16,26326.16,26326.16,26326.16,26326.16,26326.16,26326.16,26326.16,26326.16,26326.16,26326.16,26326.16,26326.16,26326.16,26326.16,26326.16,26326.16,26326.16,26326.16,26326.16,26326.16,26326.16
GILT5YBEES,0.0,0.0,0.0,0.0,0.0,0.0,0.0,0.0,0.0,0.0,0.0,0.0,0.0,0.0,0.0,0.0,0.0,0.0,0.0,0.0,0.0,0.0,0.0,0.0,0.0,0.0,0.0,0.0,0.0,0.0,0.0,0.0,0.0,0.0,0.0,0.0,0.0,0.0,0.0,0.0,0.0,0.0,0.0,0.0,0.0,0.0,0.0,0.0,0.0,0.0,0.0,0.0,0.0,0.0,0.0,0.0,0.0,0.0,0.0,0.0,0.0,0.0,0.0,0.0,0.0,0.0,0.0,0.0,0.0,0.0,0.0,0.0,0.0,0.0,0.0,0.0,0.0,0.0,0.0,0.0,0.0,0.0,0.0,0.0,0.0,0.0,0.0,0.0,0.0,0.0,0.0,0.0,0.0,0.0,0.0,0.0,0.0,0.0,0.0,0.0,0.0,0.0,0.0,0.0,0.0,0.0,0.0,0.0,0.0,0.0,0.0,0.0,0.0,0.0,0.0,0.0,0.0,0.0,0.0,0.0,0.0,0.0,0.0,0.0,0.0,0.0,0.0,0.0,0.0,0.0,0.0,0.0,0.0,0.0,0.0,0.0,0.0,0.0,0.0,0.0,0.0,0.0,0.0,0.0,0.0,-0.0,366.4,1025.93,1099.21,1868.64,1868.64,5422.71,5422.71,7401.28,6888.32,8170.71,8573.76,9672.95,10515.68,10515.68,10515.68,10515.68,10515.68,10515.68,10515.68,10515.68,10515.68,10515.68,10515.68,10515.68,10515.68,10515.68,10515.68,10515.68,10515.68,10515.68,10515.68,10515.68,10515.68,10515.68,10515.68,10515.68,10515.68,10515.68,10515.68,10515.68,10515.68,10515.68,10515.68,10515.68,10515.68,10515.68,10515.68,10515.68,10515.68,10515.68,10515.68,10515.68,10515.68,10515.68,10515.68,10515.68,10515.68,10515.68,10515.68,10515.68,10515.68,10515.68,10515.68,10515.68,10515.68,10515.68,10515.68,10515.68,10515.68,10515.68,10515.68,10515.68,10515.68,10515.68,10515.68
GOLDBEES,0.0,1102.56,1538.99,689.1,803.95,2664.52,91.88,68.91,183.76,1607.9,2526.7,2526.7,2595.61,1079.59,758.01,758.01,758.01,758.01,758.01,758.01,758.01,758.01,758.01,758.01,758.01,758.01,758.01,758.01,758.01,758.01,758.01,758.01,758.01,758.01,758.01,758.01,758.01,758.01,758.01,758.01,758.01,758.01,758.01,758.01,758.01,758.01,758.01,758.01,758.01,758.01,758.01,758.01,758.01,758.01,758.01,758.01,758.01,758.01,758.01,758.01,758.01,758.01,758.01,758.01,758.01,758.01,758.01,758.01,758.01,758.01,758.01,758.01,758.01,758.01,758.01,758.01,758.01,758.01,758.01,758.01,758.01,758.01,758.01,758.01,758.01,758.01,758.01,758.01,758.01,758.01,758.01,758.01,758.01,758.01,758.01,758.01,758.01,758.01,758.01,758.01,758.01,758.01,758.01,758.01,758.01,758.01,758.01,758.01,758.01,758.01,758.01,758.01,758.01,758.01,758.01,758.01,758.01,758.01,758.01,758.01,758.01,758.01,758.01,758.01,758.01,758.01,758.01,758.01,758.01,758.01,758.01,758.02,5736.72,3651.04,5433.97,6073.14,4357.49,4458.41,6510.45,12027.41,13171.16,16871.58,23431.37,33119.68,30193.02,33388.8,29217.45,31942.28,36517.33,34734.41,34734.41,37526.54,37526.54,61881.89,55086.62,56869.54,51487.14,52630.89,57508.68,60031.68,59897.14,68677.16,67230.66,58248.76,60065.33,64606.72,65447.72,65111.33,69148.14,69148.14,67533.41,70056.41,80518.45,91855.14,95017.28,102485.37,111770.02,122938.49,134477.02,142853.37,126033.37,125730.62,131281.2,132088.58,133064.14,148168.49,148605.8,162398.2,163878.37,169395.33,169025.28,181943.06,196542.8,196542.8,188368.28,219687.14,216121.28,226482.41,254470.91,231023.83,217130.49,161624.49,196845.58,202295.24,205491.06,209662.41,207139.41,200848.72,203708.14,225473.2,228198.03,218038.76,206836.66,206668.45,196610.1,180832.93,180832.93,180832.93,180832.93,180832.93,180832.93
HDFCSML250,0.0,0.0,0.0,0.0,0.0,0.0,0.0,0.0,0.0,0.0,0.0,0.0,0.0,0.0,0.0,0.0,0.0,0.0,0.0,0.0,0.0,0.0,0.0,0.0,0.0,0.0,0.0,0.0,0.0,0.0,0.0,0.0,0.0,0.0,0.0,0.0,0.0,0.0,0.0,0.0,0.0,0.0,0.0,0.0,0.0,0.0,0.0,0.0,0.0,0.0,0.0,0.0,0.0,0.0,0.0,0.0,0.0,0.0,0.0,0.0,0.0,0.0,0.0,0.0,0.0,0.0,0.0,0.0,0.0,0.0,0.0,0.0,0.0,0.0,0.0,0.0,0.0,0.0,0.0,0.0,0.0,0.0,0.0,0.0,0.0,0.0,0.0,0.0,0.0,0.0,0.0,0.0,0.0,0.0,0.0,0.0,0.0,0.0,0.0,0.0,0.0,0.0,0.0,0.0,0.0,0.0,0.0,0.0,0.0,0.0,0.0,0.0,0.0,0.0,0.0,0.0,0.0,0.0,0.0,0.0,0.0,0.0,0.0,0.0,0.0,0.0,0.0,0.0,0.0,0.0,0.0,0.0,0.0,0.0,0.0,0.0,0.0,0.0,0.0,0.0,0.0,0.0,0.0,0.0,0.0,0.0,0.0,0.0,0.0,0.0,0.0,0.0,0.0,0.0,0.0,0.0,0.0,0.0,0.0,0.0,0.0,0.0,0.0,-0.01,-1431.01,-94.5,1390.51,-8275.5,-10219.5,-15551.99,-11812.51,-9787.5,-9787.5,-9787.5,-9787.5,-9787.5,-9787.5,-9787.5,-9787.5,-9787.5,-9787.5,-9787.5,-9787.5,-9787.5,-9787.5,-9787.5,-9787.5,-9787.5,-9787.5,-9787.5,-9787.5,-9787.5,-9787.5,-9787.5,-9787.5,-9787.5,-9787.5,-9787.5,-9787.5,-9787.5,-9787.5,-9787.5,-9787.5,-9787.5,-9787.5,-9787.5,-9787.5,-9787.5,-9787.5,-9787.5,-9787.5,-9787.5,-9787.5,-9787.5,-9787.5,-9787.5,-9787.5,-9787.5,-9787.5,-9787.5,-9787.5
HEALTHIETF,0.0,0.0,0.0,0.0,0.0,0.0,0.0,0.0,0.0,0.0,0.0,0.0,0.0,0.0,0.0,0.0,0.0,0.0,0.0,0.0,0.0,0.0,0.0,0.0,0.0,0.0,0.0,0.0,0.0,0.0,0.0,0.0,0.0,0.0,0.0,0.0,0.0,0.0,0.0,0.0,0.0,0.0,0.0,0.0,0.0,0.0,0.0,0.0,0.0,0.0,0.0,0.0,0.0,0.0,0.0,0.0,0.0,0.0,0.0,0.0,0.0,0.0,11934.78,11934.78,11934.78,11934.78,11934.78,11934.78,11934.78,11934.78,11934.78,11934.78,11934.78,11934.78,1057.16,1057.16,1057.16,1057.16,1057.16,1057.16,1057.16,1057.16,1057.16,1057.16,1057.16,1057.16,1057.16,1057.16,1057.16,1057.16,1057.16,1057.16,1057.16,1057.16,1057.16,1057.16,1057.16,1057.16,1057.16,1057.16,1057.16,1057.16,1057.16,1057.16,1057.16,1057.16,1057.16,1057.16,1057.16,1057.16,1057.16,1057.16,1057.16,1057.16,1057.16,1057.16,1057.16,1057.16,1057.16,1057.16,1057.16,1057.16,1057.16,1057.16,1057.16,1057.16,7005.09,2529.11,1582.87,-534.96,-1736.56,-10237.89,-4890.75,-1285.96,-610.06,-369.74,396.27,6809.82,6329.17,-2082.02,-3914.46,-11394.41,-9096.35,-7023.61,-13632.4,-13632.4,-13632.4,-13632.4,-13632.4,-13632.4,-13632.4,-13632.4,-13632.4,-13632.4,-13632.4,-13632.4,-13632.4,-13632.4,-13632.4,-13632.4,-13632.4,-13632.4,-13632.4,-13632.4,-13632.4,-13632.4,-13632.4,-13632.4,-13632.4,-13632.4,-13632.4,-13632.4,-13632.4,-13632.4,-13632.4,-13632.4,-13632.4,-13632.4,-13632.4,-13632.4,-13632.4,-13632.4,-13632.4,-13632.4,-13632.4,-13632.4,-13632.4,-13632.4,-13632.4,-13632.4,-13632.4,-13632.4,-13632.4,-13632.4,-13632.4,-13632.4,-13632.4,-13632.4,-13632.4,-13632.4,-13632.4,-13632.4,-13632.4,-13632.4,-13632.4,-13632.4,-13632.4,-13632.4,-13632.4,-13632.4,-13632.4,-13632.4,-13632.4,-13632.4,-13632.4,-13632.4,-13632.4,-13632.4,-13632.4,-13632.4,-13632.4
ICICIB22,-0.0,-660.8,-3902.85,-9313.15,-6174.35,-4687.55,-1631.35,-598.85,2209.55,5327.7,5699.4,5699.4,7495.95,6504.75,7826.35,10861.9,12555.2,12266.1,6153.7,5224.45,8817.55,9189.25,13298.6,15694.0,17387.3,15652.7,15239.7,17903.55,18915.4,20051.15,20422.85,16994.95,19121.9,19431.65,18646.95,21517.3,16478.7,19741.4,19369.7,20835.85,19927.25,23479.05,21641.2,21476.0,19638.15,21620.55,23706.2,24738.7,25771.2,25771.2,31078.25,30231.6,29199.1,31677.1,32028.15,34588.75,36240.75,34423.54,38677.45,39462.15,40040.34,43571.49,47536.31,44087.74,43984.5,44294.26,45657.15,49270.9,55403.95,55362.66,54247.56,54247.56,56395.16,53628.05,57117.9,51914.09,52451.0,56209.3,60607.74,61185.96,61185.96,73348.81,77561.41,83281.45,83281.45,89228.64,89930.75,93069.55,93069.55,99305.85,105521.49,98004.89,109238.5,109630.85,115309.6,113884.75,100772.0,100772.0,111386.1,115887.8,113162.0,113306.55,120905.75,118861.41,113719.55,113719.55,129227.7,139242.95,125407.45,125407.45,127740.9,129929.8,129929.8,129929.8,129929.8,129929.8,129929.8,129929.8,129929.8,129929.8,129929.8,129929.8,129929.8,129929.8,129929.8,129929.8,129929.8,129929.8,129929.8,129929.8,129929.8,129929.8,129929.8,129929.8,129929.8,129929.8,129929.8,129929.8,129929.8,129929.8,129929.8,129929.8,129929.8,129929.8,129929.8,129929.8,129929.8,129929.8,129929.8,129929.8,129929.8,129929.8,129929.8,129929.8,129929.8,129929.8,129929.8,129929.8,129929.8,129929.8,129929.8,129929.8,129929.8,129929.8,129929.8,129929.8,129929.8,129929.8,129929.8,129929.8,129929.8,129929.8,129929.8,129929.8,129929.8,129929.8,129929.8,129929.8,129929.8,129929.8,129929.8,129929.8,129929.8,129929.8,129929.8,129929.8,129929.8,129929.8,129929.8,129929.8,129929.8,129929.8,129929.8,129929.8,129929.8,129929.8,129929.8,129929.8,126390.22,117858.39,110185.89,101490.39,102779.38,110226.82,118206.22,125469.52,126922.17,124794.35,117408.28,117408.28,117408.28,117408.28,117408.28,117408.28,117408.28,117408.28,117408.28,117408.28,117408.28,117408.28,117408.28
INFRAIETF,0.0,0.0,0.0,0.0,0.0,0.0,0.0,0.0,0.0,0.0,0.0,0.0,0.0,0.0,0.0,0.0,0.0,0.0,0.0,0.0,0.0,0.0,0.0,0.0,0.0,0.0,0.0,0.0,0.0,0.0,0.0,0.0,0.0,0.0,0.0,0.0,0.0,0.0,0.0,0.0,0.0,0.0,0.0,0.0,0.0,0.0,0.0,0.0,0.0,0.0,0.0,0.0,0.0,0.0,0.0,0.0,0.0,0.0,0.0,0.0,0.0,0.0,0.0,0.0,0.0,0.0,0.0,0.0,0.0,0.0,0.0,0.0,0.0,0.0,0.0,0.0,0.0,0.0,0.0,0.0,0.0,0.0,0.0,0.0,0.0,0.0,0.0,0.0,0.0,0.0,19581.96,19581.96,19581.96,19581.96,19581.96,19581.96,19581.96,19581.96,19581.96,19581.96,19581.96,19581.96,19581.96,19581.96,19581.96,19581.96,19581.96,19581.96,17807.16,17807.16,17807.16,17807.16,17807.16,17807.16,17807.16,17807.16,17807.16,17807.16,17807.16,17807.16,17807.16,17807.16,17807.16,17807.16,17807.16,17807.16,17807.16,17807.16,17807.16,17807.16,17807.16,17807.16,17807.16,17807.16,17807.16,17807.16,17807.16,17807.16,17807.16,17807.16,17807.16,17807.16,17807.16,17807.16,17807.16,17807.16,17807.16,17807.16,17807.16,17807.16,17807.16,17807.16,17807.16,17807.16,17807.16,17807.16,17807.16,17807.16,17807.16,17807.16,17807.16,17807.16,17807.16,17807.16,17807.16,17807.16,17807.16,17807.16,17807.16,17807.16,17807.16,17807.16,17807.16,17807.16,17807.16,17807.16,17807.16,17807.16,17807.16,17807.16,17807.16,17807.16,17807.16,17807.16,17807.16,17807.16,17807.16,17807.16,17807.16,17807.16,17807.16,17807.16,17807.16,17807.16,17807.16,17807.16,17807.16,17807.16,17807.16,17807.16,17807.16,17807.16,17807.16,17807.16,17807.16,17807.16,17807.16,17807.16,17807.16,17807.16,17807.16,17807.16,17807.16,17807.16,17807.16,17807.16,17807.16,17807.16,17807.16,17807.16,17807.16
ITBEES,0.0,0.0,0.0,0.0,0.0,0.0,0.0,0.0,0.0,0.0,0.0,0.0,0.0,0.0,0.0,0.0,0.0,0.0,0.0,0.0,0.0,0.0,0.0,0.0,0.0,0.0,0.0,0.0,0.0,0.0,0.0,0.0,0.0,0.0,0.0,0.0,0.0,0.0,0.0,0.0,0.0,0.0,0.0,0.0,0.0,0.0,0.0,0.0,0.0,0.0,0.0,0.0,0.0,0.0,0.0,0.0,0.0,0.0,0.0,0.0,0.0,0.0,0.0,0.0,0.0,0.0,0.0,0.0,0.0,0.0,0.0,0.0,0.0,0.0,0.0,0.0,0.0,0.0,0.0,0.0,0.0,0.0,0.0,0.0,0.0,0.0,0.0,0.0,0.0,0.0,0.0,0.0,0.0,0.0,0.0,0.0,0.0,0.0,0.0,0.0,0.0,0.0,0.0,0.0,0.0,0.0,0.0,0.0,0.0,0.0,0.0,0.0,0.0,0.0,0.0,0.0,0.0,0.0,0.0,0.0,0.0,0.0,0.0,0.0,0.0,0.0,0.0,0.01,2509.76,-4250.41,5505.27,-121.44,10039.04,9108.01,14572.8,18742.24,10200.95,10929.59,9512.8,11739.2,4655.2,3602.72,4614.72,5829.12,-850.08,-8015.05,-15908.64,-15908.64,-15908.64,-15908.64,-15908.64,-15908.64,-15908.64,-15908.64,-15908.64,-15908.64,-15908.64,-15908.64,-15908.64,-15908.64,-15908.64,-15908.64,-15908.64,-15908.64,-15908.64,-15908.64,-15908.64,-15908.64,-15908.64,-15908.64,-15908.64,-15908.64,-15908.64,-15908.64,-15908.64,-15908.64,-15908.64,-15908.64,-15908.64,-15908.64,-15908.64,-15908.64,-15908.64,-15908.64,-15908.64,-15908.64,-15908.64,-15908.64,-15908.64,-15908.64,-15908.64,-15908.64,-15908.64,-15908.64,-15908.64,-15908.64,-15908.64,-15908.64,-15908.64,-15908.64,-15908.64,-15908.64,-15908.64,-15908.64,-15908.64,-15908.64,-15908.64,-15908.64,-15908.64,-15908.64,-15908.64,-15908.64,-15908.64,-15908.64,-15908.64,-15908.64,-15908.64,-15908.64,-15908.64,-15908.64,-15908.64
JUNIORBEES,0.0,0.0,0.0,0.0,0.0,0.0,0.0,0.0,0.0,0.0,0.0,0.0,0.0,0.0,0.0,0.0,0.0,0.0,0.0,0.0,0.0,0.0,0.0,0.0,0.0,0.0,0.0,0.0,0.0,0.0,0.0,0.0,0.0,0.0,0.0,0.0,0.0,0.0,0.0,0.0,0.0,0.0,0.0,0.0,0.0,0.0,0.0,0.0,0.0,0.0,0.0,0.0,0.0,0.0,0.0,0.0,0.0,0.0,0.0,0.0,0.0,0.0,0.0,0.0,0.0,0.0,0.0,0.0,0.0,0.0,0.0,0.0,0.0,0.0,0.0,0.0,0.0,0.0,0.0,0.0,0.0,0.0,0.0,0.0,0.0,0.0,0.0,0.0,0.0,0.0,0.0,0.0,0.0,0.0,0.0,0.0,0.0,0.0,0.0,0.0,0.0,0.0,0.0,0.0,0.0,0.0,0.0,0.0,0.0,0.0,0.0,-0.0,5039.69,7667.87,725.34,6989.64,-119.32,1438.12,4251.55,9529.89,10870.68,8854.8,11435.87,15232.14,16871.21,5369.39,12289.96,4433.68,-6323.97,-8434.04,-8434.04,-8434.04,-8434.04,-8434.04,-8434.04,-8434.04,-8434.04,-8434.04,-8434.04,-8434.04,-8434.04,-8434.04,-8434.04,-8434.04,-8434.04,-8434.04,-8434.04,-8434.04,-8434.04,-8434.04,-8434.04,-8434.04,-8434.04,-8434.04,-8434.04,-8434.04,-8434.04,-8434.04,-8434.04,-8434.04,-8434.04,-8434.04,-8434.04,-8434.04,-8434.04,-8434.04,-8434.04,-8434.04,-8434.04,-8434.04,-8434.04,-8434.04,-8434.04,-8434.04,-8434.04,-8434.04,-8434.04,-8434.04,-8434.04,-8434.04,-8434.04,-8434.04,-8434.04,-8434.04,-8434.04,-8434.04,-8434.04,-8434.04,-8434.04,-8434.04,-8434.04,-8434.04,-8434.04,-8434.04,-8434.04,-8434.04,-8434.04,-8434.04,-8434.04,-8434.04,-8434.04,-8434.04,-8434.04,-8434.04,-8434.04,-8434.04,-8434.04,-8434.04,-8434.04,-8434.04,-8434.04,-8434.04,-8434.04,-8434.04,-8434.04,-8434.04,-8434.04,-8434.04,-8434.04,-8434.04,-8434.04
LIQUIDCASE,0.0,0.0,0.0,0.0,0.0,0.0,0.0,0.0,0.0,0.0,0.0,0.0,0.0,0.0,0.0,0.0,0.0,0.0,0.0,0.0,0.0,0.0,0.0,0.0,0.0,0.0,0.0,0.0,0.0,0.0,0.0,0.0,0.0,0.0,0.0,0.0,0.0,0.0,0.0,0.0,0.0,0.0,0.0,0.0,0.0,0.0,0.0,0.0,0.0,0.0,0.0,0.0,0.0,0.0,0.0,0.0,0.0,0.0,0.0,0.0,0.0,0.0,0.0,0.0,0.0,0.0,0.0,0.0,0.0,0.0,0.0,0.0,0.0,0.0,0.0,0.0,0.0,0.0,0.0,0.0,0.0,0.0,0.0,0.0,0.0,0.0,0.0,0.0,0.0,0.0,0.0,0.0,0.0,0.0,0.0,0.0,0.0,0.0,0.0,0.0,0.0,0.0,0.0,0.0,0.0,0.0,0.0,0.0,0.0,0.0,0.0,0.0,0.0,0.0,0.0,0.0,0.0,0.0,0.0,0.0,0.0,0.0,0.0,0.0,0.0,0.0,0.0,0.0,0.0,0.0,0.0,0.0,0.0,0.0,0.0,0.0,0.0,0.0,0.0,0.0,0.0,0.0,0.0,0.0,0.0,0.0,-0.0,183.6,351.9,535.5,535.5,948.6,948.6,1269.9,1468.8,1468.8,1468.8,1468.8,1468.8,1468.8,1468.8,1468.8,1468.8,1468.8,1468.8,1468.8,1468.8,1468.8,1468.8,1468.8,1468.8,1468.8,1468.8,1468.8,1468.8,1468.8,1468.8,1468.8,1468.8,1468.8,1468.8,1468.8,1468.8,1468.8,1468.8,1468.8,1468.8,1468.8,1468.8,1468.8,1468.8,1468.8,1468.8,1468.8,1468.8,1468.8,1468.8,1468.8,1468.8,1468.8,1468.8,1468.8,1468.8,1468.8,1468.8,1468.8,1468.8,1468.8,1468.8,1468.8,1468.8,1468.8,1468.8,1468.8,1468.8,1468.8,1468.8,1468.8,1468.8,1468.8,1468.8
LOWVOLIETF,22.26,-942.59,-4096.94,-7006.37,-3607.09,-2746.14,-1194.94,-883.22,742.2,3339.9,4913.36,4913.36,5870.8,4846.57,4260.23,4995.0,6909.88,3725.84,3725.84,3725.84,3725.84,3725.84,3725.84,3725.84,3725.84,3725.84,3725.84,3725.84,3725.84,3725.84,3725.84,3725.84,3725.84,3725.84,3725.84,3725.84,3725.84,3725.84,3725.84,3725.84,3725.84,3725.84,3725.84,3725.84,3725.84,3725.84,3725.84,3725.84,3725.84,3725.84,3725.84,3725.84,3725.84,3725.84,3725.84,3725.84,3725.84,3725.84,3725.84,3725.84,3725.84,3725.84,3725.84,3725.84,3725.84,3725.84,3725.84,3725.84,3725.84,3725.84,3725.84,3725.84,3725.84,3725.84,3725.84,3725.84,3725.84,3725.84,3725.84,3725.84,3725.84,3725.84,3725.84,3725.84,3725.84,3725.84,3725.84,3725.84,3725.84,3725.84,3725.84,3725.84,3725.84,3725.84,3725.84,3725.84,3725.84,3725.84,3725.84,3725.84,3725.84,3725.84,3725.84,3725.84,3725.84,3725.84,3725.84,3725.84,3725.84,3725.84,3725.84,3725.84,3725.84,3725.84,3725.84,3725.84,3725.84,3725.84,3725.84,3725.84,3725.84,3725.84,3725.84,3725.84,3725.84,3725.84,3725.84,3725.84,3725.84,3725.84,3725.84,3725.84,3725.84,3725.84,3725.84,3725.84,3725.84,3725.84,3725.84,3725.84,3725.84,3725.84,3725.84,3725.84,3725.84,3725.84,3725.84,3725.84,3725.84,3725.84,3725.84,3725.84,3725.84,3725.84,3725.84,3725.84,3725.84,3725.84,3725.84,3725.84,3725.84,3725.84,3725.84,3725.84,3725.84,3725.84,3725.84,3725.84,3725.84,3725.84,3725.84,3725.84,3725.84,3725.84,3725.84,3725.84,3725.84,3725.84,3725.84,3725.84,3725.84,3725.84,3725.84,3725.84,3725.84,3725.84,3725.84,3725.84,3725.84,3725.84,3725.84,3725.84,3725.84,3725.84,3725.84,3725.84,3725.84,3725.84,3725.84,3725.84,3725.84,3725.84,3725.84,3725.84,3725.84,3725.84,3725.84,3725.84,3725.84,3725.84,3725.84,3725.84,3725.84,3725.84,3725.84,3725.84,3725.84,3725.84,3725.84,3725.84,3725.84
LTGILTBEES,0.0,0.0,0.0,0.0,0.0,0.0,0.0,0.0,0.0,0.0,0.0,0.0,0.0,0.0,0.0,0.0,0.0,0.0,0.0,0.0,0.0,0.0,0.0,0.0,0.0,0.0,0.0,0.0,0.0,0.0,0.0,0.0,0.0,0.0,0.0,0.0,0.0,0.0,0.0,0.0,0.0,0.0,0.0,0.0,0.0,0.0,0.0,0.0,0.0,0.0,0.0,0.0,0.0,0.0,0.0,0.0,0.0,0.0,0.0,0.0,0.0,0.0,0.0,0.0,0.0,0.0,0.0,0.0,0.0,0.0,0.0,0.0,0.0,0.0,0.0,0.0,0.0,0.0,0.0,0.0,0.0,0.0,0.0,0.0,0.0,0.0,0.0,0.0,0.0,0.0,0.0,0.0,0.0,0.0,0.0,0.0,0.0,0.0,0.0,0.0,0.0,0.0,0.0,0.0,0.0,0.0,0.0,0.0,0.0,0.0,0.0,0.0,0.0,0.0,0.0,0.0,0.0,0.0,0.0,0.0,0.0,0.0,0.0,0.0,0.0,0.0,0.0,0.0,0.0,0.0,0.0,0.0,0.0,0.0,0.0,0.0,0.0,0.0,0.0,0.0,0.0,0.0,0.0,0.0,-0.0,150.18,300.36,675.81,1276.53,2102.52,2102.52,5331.39,5331.39,7659.18,7433.9,8485.17,8184.81,9686.61,10362.42,10362.42,10362.42,10362.42,10362.42,10362.42,10362.42,10362.42,10362.42,10362.42,10362.42,10362.42,10362.42,10362.42,10362.42,10362.42,10362.42,10362.42,10362.42,10362.42,10362.42,10362.42,10362.42,10362.42,10362.42,10362.42,10362.42,10362.42,10362.42,10362.42,10362.42,10362.42,10362.42,10362.42,10362.42,10362.42,10362.42,10362.42,10362.42,10362.42,10362.42,10362.42,10362.42,10362.42,10362.42,10362.42,10362.42,10362.42,10362.42,10362.42,10362.42,10362.42,10362.42,10362.42,10362.42,10362.42,10362.42,10362.42,10362.42,10362.42,10362.42,10362.42,10362.42
MAKEINDIA,0.0,0.0,0.0,0.0,0.0,0.0,0.0,0.0,0.0,0.0,0.0,0.0,0.0,0.0,0.0,0.0,0.0,0.0,0.0,0.0,0.0,0.0,0.0,0.0,0.0,0.0,0.0,0.0,0.0,0.0,0.0,0.0,0.0,0.0,0.0,0.0,0.0,0.0,0.0,0.0,0.0,0.0,0.0,0.0,0.0,0.0,0.0,0.0,0.0,0.0,0.0,0.0,0.0,0.0,0.0,0.0,0.0,0.0,0.0,0.0,0.0,0.0,0.0,0.0,0.0,0.0,0.0,0.0,0.0,0.0,0.0,0.0,0.0,0.0,0.0,0.0,0.0,0.0,0.0,0.0,0.0,0.0,0.0,0.0,0.0,0.0,0.0,0.0,0.0,0.0,0.0,0.0,0.0,0.0,0.0,0.0,0.0,0.0,0.0,0.0,0.0,0.0,0.0,0.0,0.0,0.0,0.0,0.0,0.0,0.0,0.0,-0.0,2707.07,3404.11,-2755.7,5754.55,-5478.99,599.76,1961.42,6840.62,7018.93,7018.93,7018.93,7018.93,7018.93,7018.93,7018.93,7018.93,7018.93,7018.93,7018.93,7018.93,7018.93,7018.93,7018.93,7018.93,7018.93,7018.93,7018.93,7018.93,7018.93,7018.93,7018.93,7018.93,7018.93,7018.93,7018.93,7018.93,7018.93,7018.93,7018.93,7018.93,7018.93,7018.93,7018.93,7018.93,7018.93,7018.93,7018.93,7018.93,7018.93,7018.93,7018.93,7018.93,7018.93,7018.93,7018.93,7018.93,7018.93,7018.93,7018.93,7018.93,7018.93,7018.93,7018.93,7018.93,7018.93,7018.93,7018.93,7018.93,7018.93,7018.93,7018.93,7018.93,7018.93,7018.93,7018.93,7018.93,7018.93,7018.93,7018.93,7018.93,7018.93,7018.93,7018.93,7018.93,7018.93,7018.93,7018.93,7018.93,7018.93,7018.93,7018.93,7018.93,7018.93,7018.93,7018.93,7018.93,7018.93,7018.93,7018.93,7018.93,7018.93,7018.93,7018.93,7018.93,7018.93,7018.93,7018.93,7018.93,7018.93
METALIETF,0.0,0.0,0.0,0.0,0.0,0.0,0.0,0.0,0.0,0.0,0.0,0.0,0.0,0.0,0.0,0.0,0.0,0.0,0.0,0.0,0.0,0.0,0.0,0.0,0.0,0.0,0.0,0.0,0.0,0.0,0.0,0.0,0.0,0.0,0.0,0.0,0.0,0.0,0.0,0.0,0.0,0.0,0.0,0.0,0.0,0.0,0.0,0.0,0.0,0.0,0.0,0.0,0.0,0.0,0.0,0.0,0.0,0.0,0.0,0.0,0.0,0.0,0.0,0.0,0.0,0.0,0.0,0.0,0.0,0.0,0.0,0.0,0.0,0.0,0.0,0.0,0.0,0.0,0.0,0.0,0.0,0.0,0.0,0.0,0.0,0.0,0.0,0.0,0.0,0.0,0.0,0.0,0.0,0.0,0.0,0.0,0.0,0.0,0.0,0.0,0.0,0.0,0.0,0.0,0.0,0.0,0.0,0.0,0.0,0.0,0.0,0.0,0.0,0.0,0.0,0.0,0.0,0.0,0.0,0.0,0.0,0.0,0.0,0.0,0.0,0.0,0.0,0.0,0.0,0.0,0.0,0.0,0.0,0.0,0.0,0.0,0.0,0.0,0.0,0.0,0.0,0.0,0.0,0.0,0.0,0.0,0.0,0.0,0.0,0.0,0.0,0.0,0.0,0.0,0.0,0.0,0.0,0.0,0.0,0.0,0.0,0.0,0.0,0.0,0.0,0.0,0.0,0.0,0.0,0.0,0.0,0.0,0.0,0.0,0.0,0.0,0.0,0.0,0.0,0.0,0.0,0.0,0.0,0.0,0.0,0.0,0.0,0.0,0.0,0.0,0.0,0.0,-0.01,-0.01,-186.23,9311.99,6145.91,6332.16,12291.85,1676.16,-5773.44,-14340.48,-8567.05,-372.48,13595.52,23466.24,25887.36,26259.85,24769.91,29798.4,32405.77,35571.85,24956.16,29239.68,27377.28,17506.56,20672.64,19182.73,18065.28,16575.36,24956.16
MID150BEES,0.0,0.0,0.0,0.0,0.0,0.0,0.0,0.0,0.0,0.0,0.0,0.0,0.0,0.0,0.0,0.0,0.0,0.0,0.0,0.0,0.0,0.0,0.0,0.0,0.0,0.0,0.0,0.0,0.0,0.0,0.0,0.0,0.0,0.0,0.0,0.0,0.0,0.0,0.0,0.0,0.0,0.0,0.0,0.0,0.0,0.0,0.0,0.0,0.0,0.0,0.0,0.0,0.0,0.0,0.0,0.0,0.0,0.0,0.0,0.0,0.0,0.0,0.0,0.0,0.0,0.0,0.0,0.0,0.0,0.0,0.0,0.0,0.0,0.0,-0.01,-5385.3,-5672.4,-1879.2,948.3,3741.0,3741.0,10283.4,12075.6,15581.7,15581.7,17487.0,19653.3,22359.0,22359.0,22332.91,24299.1,24299.1,24299.1,24299.1,24299.1,24299.1,24299.1,24299.1,24299.1,24299.1,24299.1,24299.1,24299.1,24299.1,24299.1,24299.1,24299.1,24299.1,24299.1,24299.1,24299.1,24299.1,24299.1,24299.1,24299.1,24299.1,24299.1,24299.1,24299.1,24299.1,24299.1,24299.1,24299.1,24299.1,24299.1,24299.1,24299.1,24299.1,24299.1,24299.1,24299.1,24299.1,24299.1,24299.1,24299.1,24299.1,24299.1,24299.1,24299.1,24299.1,24299.1,24299.1,24299.1,24299.1,24299.1,24299.1,24299.1,24299.1,24299.1,24299.1,24299.1,24299.1,24299.1,24299.1,24299.1,24299.1,24299.1,24299.1,24299.1,24299.1,24299.1,24299.1,24299.1,24299.1,24299.1,24299.1,24299.1,24299.1,24299.1,24299.1,24299.1,24299.1,24299.1,24299.1,24299.1,24299.1,24299.1,24299.1,24299.1,24299.1,24299.1,24299.1,24299.1,24299.1,24299.1,24299.1,24299.1,24299.1,24299.1,24299.1,24299.1,24299.1,24299.1,24299.1,24299.1,24299.1,24299.1,24299.1,24299.1,24299.1,24299.1,24299.1,24299.1,24299.1,24299.1,24299.1,24299.1,24299.1,24299.1,24299.1,24299.1,24299.1,24299.1,24299.1,24299.1,24299.1,24299.1,24299.1,24299.1,24299.1,24299.1
MOCAPITAL,0.0,0.0,0.0,0.0,0.0,0.0,0.0,0.0,0.0,0.0,0.0,0.0,0.0,0.0,0.0,0.0,0.0,0.0,0.0,0.0,0.0,0.0,0.0,0.0,0.0,0.0,0.0,0.0,0.0,0.0,0.0,0.0,0.0,0.0,0.0,0.0,0.0,0.0,0.0,0.0,0.0,0.0,0.0,0.0,0.0,0.0,0.0,0.0,0.0,0.0,0.0,0.0,0.0,0.0,0.0,0.0,0.0,0.0,0.0,0.0,0.0,0.0,0.0,0.0,0.0,0.0,0.0,0.0,0.0,0.0,0.0,0.0,0.0,0.0,0.0,0.0,0.0,0.0,0.0,0.0,0.0,0.0,0.0,0.0,0.0,0.0,0.0,0.0,0.0,0.0,0.0,0.0,0.0,0.0,0.0,0.0,0.0,0.0,0.0,0.0,0.0,0.0,0.0,0.0,0.0,0.0,0.0,0.0,0.0,0.0,0.0,0.0,0.0,0.0,0.0,0.0,0.0,0.0,0.0,0.0,0.0,0.0,0.0,0.0,0.0,0.0,0.0,0.0,0.0,0.0,0.0,0.0,0.0,0.0,0.0,0.0,0.0,0.0,0.0,0.0,0.0,0.0,0.0,0.0,0.0,0.0,0.0,0.0,0.0,0.0,0.0,0.0,0.0,0.0,0.0,0.0,0.0,0.0,0.0,0.0,0.0,0.0,0.0,0.0,0.0,0.0,0.0,0.0,0.0,0.0,0.0,0.0,0.0,0.0,0.0,0.0,0.0,0.0,0.0,0.0,0.0,0.0,0.0,0.0,0.0,0.0,0.0,0.0,0.0,0.0,0.0,0.0,0.0,0.0,0.0,0.0,0.0,0.0,0.0,0.0,0.0,0.0,0.0,0.0,0.0,0.0,0.0,0.0,7236.95,7236.95,7236.95,-5528.85,-12091.55,1438.39,4180.35,-1438.4,-134.85,2112.65,-2876.8,-8900.1,-9978.89
MODEFENCE,0.0,0.0,0.0,0.0,0.0,0.0,0.0,0.0,0.0,0.0,0.0,0.0,0.0,0.0,0.0,0.0,0.0,0.0,0.0,0.0,0.0,0.0,0.0,0.0,0.0,0.0,0.0,0.0,0.0,0.0,0.0,0.0,0.0,0.0,0.0,0.0,0.0,0.0,0.0,0.0,0.0,0.0,0.0,0.0,0.0,0.0,0.0,0.0,0.0,0.0,0.0,0.0,0.0,0.0,0.0,0.0,0.0,0.0,0.0,0.0,0.0,0.0,0.0,0.0,0.0,0.0,0.0,0.0,0.0,0.0,0.0,0.0,0.0,0.0,0.0,0.0,0.0,0.0,0.0,0.0,0.0,0.0,0.0,0.0,0.0,0.0,0.0,0.0,0.0,0.0,0.0,0.0,0.0,0.0,0.0,0.0,0.0,0.0,0.0,0.0,0.0,0.0,0.0,0.0,0.0,0.0,0.0,0.0,0.0,0.0,0.0,0.0,0.0,0.0,0.0,0.0,0.0,0.0,0.0,0.0,0.0,0.0,0.0,0.0,0.0,0.0,0.0,0.0,0.0,0.0,0.0,0.0,0.0,0.0,0.0,0.0,0.0,0.0,0.0,0.0,0.0,0.0,0.0,0.0,0.0,0.0,0.0,0.0,0.0,0.0,0.0,0.0,0.0,0.0,0.0,0.0,0.0,0.0,0.0,0.0,0.0,0.0,0.0,0.0,0.0,0.0,0.0,0.0,0.0,0.0,0.0,0.0,0.01,-964.32,13571.04,16816.79,7714.56,7714.56,7714.56,7714.56,7714.56,7714.56,7714.56,7714.56,7714.56,7714.56,7714.56,7714.56,7714.56,7714.56,7714.56,7714.56,7714.56,7714.56,7714.56,7714.56,7714.56,7714.56,7714.56,7714.56,7714.56,7714.56,7714.56,7714.56,7714.56,7714.56,7714.56,7714.57,15630.73,6913.52,13934.41,6136.03,7149.11,11366.36,27269.36,18245.87,24630.65,19164.73,17138.57,18764.19,16243.27
NIFTYBEES,0.0,0.0,-0.0,-2535.36,417.0,422.56,2424.16,3069.12,5332.04,9318.56,10519.52,10519.52,12354.32,12354.32,12354.32,12354.32,12354.32,12354.32,12354.32,12354.32,12354.32,12354.32,12354.32,12354.32,12354.32,12354.32,12354.32,12354.32,12354.32,12354.32,12354.32,12354.32,12354.32,12354.32,12354.32,12354.32,12354.32,12354.32,12354.32,12354.32,12354.32,12354.32,12354.32,12354.32,12354.32,12354.32,12354.32,12354.32,12354.32,12354.32,12354.32,12354.32,12354.32,12354.32,12354.32,12354.32,12354.32,12354.32,12354.32,12354.32,12354.32,12354.32,12354.32,12354.32,12354.32,12354.32,12354.32,12354.32,12354.32,12354.32,12354.32,12354.32,12354.32,12354.32,12354.32,12354.32,12354.32,12354.32,12354.32,12354.32,12354.32,12354.32,12354.32,12354.32,12354.32,12354.32,12354.32,12354.32,12354.32,12354.32,12354.32,12354.32,12354.32,12354.32,12354.32,12354.32,12354.32,12354.32,12354.32,12354.32,12354.32,12354.32,12354.32,12354.32,12354.32,12354.32,12354.32,12354.32,12354.32,12354.32,12354.32,12354.32,12354.32,12354.32,12354.32,12354.32,12354.32,12354.32,12354.32,12354.32,12354.32,12354.32,12354.32,12354.32,12354.32,12354.32,12354.32,12354.32,12354.32,12354.32,12354.32,12354.32,12354.32,12354.32,12354.32,12354.32,12354.32,12354.32,12354.32,12354.32,12354.32,12354.32,12354.32,12354.32,12354.32,12354.32,12354.32,12354.32,12354.32,12354.32,12354.32,12354.32,12354.32,12354.32,12354.32,12354.32,12354.32,12354.32,12354.32,12354.32,12354.32,12354.32,12354.32,12354.32,12354.32,12354.32,12354.32,12354.32,12354.32,12354.32,12354.32,12354.32,12354.32,12354.32,12354.32,12354.32,12354.32,12354.32,12354.32,12354.32,12354.32,12354.32,12354.32,12354.32,12354.32,12354.32,12354.32,12354.32,12354.32,12354.32,12354.32,12354.32,12354.32,12354.32,12354.32,12354.32,12354.32,12354.32,12354.32,12354.32,12354.32,12354.32,12354.32,12354.32,12354.32,12354.32,12354.32,12354.32,12354.32,12354.32,12354.32,12354.32,12354.32,12354.32,12354.32,12354.32,12354.32,12354.32,12354.32,12354.32,12354.32
PHARMABEES,0.0,0.0,0.0,0.0,0.0,0.0,0.0,0.0,0.0,0.0,0.0,0.0,0.0,0.0,0.0,0.0,0.0,0.0,0.0,0.0,0.0,0.0,0.0,0.0,0.0,0.0,0.0,0.0,0.0,0.0,0.0,0.0,0.0,0.0,0.0,0.0,0.0,0.0,0.0,0.0,0.0,0.0,0.0,0.0,0.0,0.0,0.0,0.0,0.0,0.0,0.0,0.0,0.0,0.0,0.0,0.0,0.0,0.0,0.0,0.0,0.0,0.0,0.0,0.0,0.0,0.0,0.0,0.0,0.0,0.0,0.0,0.0,0.0,0.0,0.0,0.0,0.0,0.0,0.0,0.0,0.0,0.0,0.0,0.0,0.0,0.0,0.0,0.0,0.0,0.0,0.0,0.0,0.0,0.0,0.0,0.0,0.0,0.0,0.0,0.0,0.0,0.0,0.0,0.0,0.0,0.0,0.0,0.0,0.0,0.0,0.0,0.0,0.0,0.0,0.0,0.0,0.0,0.0,0.0,0.0,0.0,105.87,4658.29,529.34,2752.62,-317.62,7199.16,423.49,-1799.79,-4023.05,-7305.04,-16515.71,-9316.55,-6034.59,-7728.51,-8787.21,-8787.21,-8787.21,-8787.21,-8787.21,-8787.21,-8787.21,-8787.21,-8787.21,-8787.21,-8787.21,-8787.21,-8787.21,-8787.21,-8787.21,-8787.21,-8787.21,-8787.21,-8787.21,-8787.21,-8787.21,-8787.21,-8787.21,-8787.21,-8787.21,-8787.21,-8787.21,-8787.21,-8787.21,-8787.21,-8787.21,-8787.21,-8787.21,-8787.21,-8787.21,-8787.21,-8787.21,-8787.21,-8787.21,-8787.21,-8787.21,-8787.21,-8787.21,-8787.21,-8787.21,-8787.21,-8787.21,-8787.21,-8787.21,-8787.21,-8787.21,-8787.21,-8787.21,-8787.21,-8787.21,-8787.21,-8787.21,-8787.21,-8787.21,-8787.21,-8787.21,-8787.21,-8787.21,-8787.21,-8787.21,-8787.21,-8787.21,-8787.21,-8787.21,-8787.21,-8787.21,-8787.21,-8787.21,-8787.21,-8787.21,-8787.21,-8787.21,-8787.21,-8787.21,-8787.21,-8787.22,740.92,-1376.46,4370.68,3614.46,12991.35
PSUBNKBEES,-0.0,-600.61,-4486.91,-4486.91,-4486.91,-4486.91,-4486.91,-4486.91,-4486.91,-4486.91,-4486.91,-4486.91,-4486.91,-4486.91,-4486.91,-832.45,3874.99,5330.58,-3929.45,-5106.31,-2473.87,-615.66,9945.11,13320.84,21744.69,23417.06,28991.67,34039.77,37539.38,44074.05,43826.29,38623.33,44197.94,43113.98,44043.08,40698.32,26699.88,28650.99,26018.54,24222.28,19886.48,30664.04,23448.03,18957.38,17285.0,23293.19,21992.44,29549.11,31097.61,31097.61,35743.11,32336.42,31314.42,32893.88,35123.72,34349.47,35154.69,32212.54,41286.75,47294.94,49122.17,52374.01,53922.51,46551.65,50608.72,52281.1,52064.31,54541.92,62067.61,74672.42,74393.69,74393.69,79999.25,68664.23,69748.19,58196.36,64080.67,66960.88,72535.48,68942.96,68942.96,78172.02,85852.58,92325.31,92325.31,93068.58,90745.84,98209.61,98209.61,103195.78,121065.46,122552.03,139059.05,136829.2,140204.92,143270.97,128002.76,128002.76,138563.52,143704.55,137355.69,140081.04,153924.63,143921.34,134940.03,134940.03,151787.72,172630.52,147637.73,147637.73,148350.05,147730.64,147730.64,147730.64,147730.64,147730.64,147730.64,147730.64,147730.64,147730.64,147730.64,147730.64,147730.64,147730.64,147730.64,147730.64,147730.64,147730.64,147730.64,147730.64,147730.64,147730.64,147730.64,147730.64,147730.64,147730.64,147730.64,147730.64,147730.64,147730.64,147730.64,147730.64,147730.64,147730.64,147730.64,147730.64,147730.64,147730.64,147730.64,147730.64,147730.64,147730.64,147730.64,147730.64,147730.64,147730.64,147730.64,147730.64,147730.64,147730.64,147730.64,147730.64,147730.64,147730.64,147730.64,147730.64,147730.64,147730.64,147730.64,147730.64,147730.64,147730.64,147730.64,147730.64,147730.64,147730.64,147730.64,153799.45,156513.15,159966.95,164259.55,173880.83,173708.14,177408.64,173757.49,179184.89,168206.74,171635.87,173856.18,171315.15,184118.89,181775.24,191100.5,191100.5,179875.64,195837.14,198994.89,213550.2,208344.83,186758.58,179086.2,170032.32,159892.95,172696.68,182860.71,189052.89,186561.21,176372.51,176372.51,176372.51,176372.51,176372.51,176372.51,176372.51,176372.51,176372.51,176372.51,176372.51,176372.51,176372.51,176372.51
PVTBANIETF,0.0,0.0,0.0,0.0,0.0,0.0,0.0,0.0,0.0,0.0,0.0,0.0,0.0,0.0,0.0,0.0,0.0,4.98,-5953.49,-6974.8,-3482.42,-1454.74,1534.46,846.94,996.4,1982.84,2540.82,4364.23,5310.81,6018.26,5858.83,3377.79,4982.0,3258.23,2246.88,3826.17,-1738.71,841.96,413.51,-946.58,-1967.89,-84.7,-4259.61,-5330.74,-4907.27,-1325.21,-1454.74,1639.08,2545.8,2545.8,3930.79,6621.08,6586.2,6586.2,6586.2,6586.2,6586.2,6586.2,6586.2,6586.2,6586.2,6586.2,6586.2,6586.2,6586.2,6586.2,6586.2,6586.2,6586.2,6586.2,6586.2,6586.2,6586.2,6586.2,6586.2,6586.2,6586.2,6586.2,6586.2,6586.2,6586.2,6586.2,6586.2,6586.2,6586.2,6586.2,6586.2,6586.2,6586.2,6586.2,6586.2,6586.2,6586.2,6586.2,6586.2,6586.2,6586.2,6586.2,6586.2,6586.2,6586.2,6586.2,6586.2,6586.2,6586.2,6586.2,6586.2,6586.2,6586.2,6586.2,6586.2,6586.2,6586.2,6586.2,6586.2,6586.2,6586.2,6586.2,6586.2,6586.2,6586.2,6586.2,6586.2,6586.2,6586.2,6586.2,6586.2,6586.2,6586.2,6586.2,6586.2,6586.2,6586.2,6586.2,6586.2,6586.2,6586.2,6586.2,6586.2,6586.2,6586.2,6586.2,6586.2,6586.2,6586.2,6586.2,6586.2,6586.2,6586.2,6586.2,6586.2,6586.2,6586.2,6586.2,6586.2,6586.2,6586.2,6586.2,6586.2,6756.28,10668.12,7606.69,8797.24,12539.0,12539.0,12539.0,12539.0,12539.0,12539.0,12539.0,12539.0,12539.0,12539.0,12539.0,12539.0,12539.0,12539.0,12539.0,12539.0,12539.0,12539.0,12539.0,12539.0,12539.0,12539.0,12539.0,12539.0,12539.0,12539.0,12539.0,12539.0,12539.0,12539.0,12539.0,12539.0,12539.0,12539.0,12539.0,12539.0,12539.0,12539.0,12539.0,12539.0,12539.0,12539.0,12539.0,12539.0,12539.0,12539.0,12539.0,12539.0,12539.0,12539.0,12539.0,12539.0,12539.0,12539.0,12539.0,12539.0,12539.0,12539.0
SILVERBEES,0.0,0.0,0.0,0.0,0.0,0.0,0.0,0.0,0.0,0.0,0.0,0.0,0.0,0.0,0.0,0.0,0.0,0.0,0.0,0.0,0.0,0.0,0.0,0.0,0.0,0.0,0.0,0.0,0.0,0.0,0.0,0.0,0.0,0.0,0.0,0.0,0.0,0.0,0.0,0.0,0.0,0.0,0.0,0.0,0.0,0.0,0.0,0.0,0.0,0.0,0.0,0.0,0.0,0.0,0.0,0.0,0.0,0.0,0.0,0.0,0.0,0.0,0.0,0.0,0.0,0.0,0.0,0.0,0.0,0.0,0.0,0.0,0.0,0.0,0.0,0.0,0.0,0.0,0.0,0.0,0.0,0.0,0.0,0.0,0.0,0.0,0.0,0.0,0.0,0.0,0.0,0.0,0.0,0.0,0.0,0.0,0.0,0.0,0.0,0.0,0.0,0.0,0.0,0.0,0.0,0.0,0.0,0.0,0.0,0.0,0.0,0.0,0.0,0.0,0.0,0.0,0.0,0.0,0.0,0.0,0.0,0.0,0.0,0.0,0.0,0.0,0.0,0.0,0.0,0.0,0.0,0.0,0.0,0.0,0.0,-0.01,-4895.01,-6380.01,-3685.0,55.0,1265.01,879.99,8965.0,15619.99,15372.5,16335.0,11385.01,18782.5,25327.51,19002.5,19002.5,-660.0,-660.0,15757.5,16197.51,11385.01,11467.51,15234.99,20020.0,20020.0,20020.0,20020.0,20020.0,20020.0,20020.0,20020.0,20020.0,20020.0,20020.0,20020.0,20019.99,24308.46,38402.14,41979.45,48078.1,59154.8,82514.99,92449.55,136993.39,103547.82,82062.46,89863.55,96048.39,103763.3,99798.1,141023.26,151000.89,181235.54,213732.94,253169.45,268879.39,307259.96,392597.98,392597.98,256811.41,308014.19,272758.39,321957.05,374711.44,315125.7,285990.09,199876.31,248493.1,262069.61,267651.05,294157.56,280042.3,279266.5,302820.64,328400.51,334585.35,320599.39,274029.83,297066.79,268017.4,231123.81,257716.5,229917.01,230843.65,241877.24,227848.2
TNIDETF,0.0,0.0,0.0,0.0,0.0,0.0,0.0,0.0,0.0,0.0,0.0,0.0,0.0,0.0,0.0,0.0,0.0,0.0,0.0,0.0,0.0,0.0,0.0,0.0,0.0,0.0,0.0,0.0,0.0,0.0,0.0,0.0,0.0,0.0,0.0,0.0,0.0,0.0,0.0,0.0,0.0,0.0,0.0,0.0,0.0,0.0,0.0,0.0,0.0,0.0,0.0,0.0,0.0,0.0,0.0,0.0,0.0,0.0,0.0,0.0,0.0,0.0,0.0,0.0,0.0,0.0,0.0,0.0,0.0,0.0,0.0,0.0,0.0,0.0,0.0,0.0,0.0,0.0,0.0,0.0,0.0,0.0,0.0,0.0,0.0,0.0,0.0,0.0,0.0,0.0,0.0,0.0,0.0,0.0,0.0,0.0,0.0,0.0,0.0,0.0,0.0,0.0,0.0,0.0,0.0,0.0,0.0,0.0,0.0,0.0,0.0,0.0,0.0,0.0,0.0,0.0,0.0,0.0,0.0,0.0,0.0,0.0,0.0,0.0,0.0,0.0,0.0,0.0,0.0,-0.0,6503.5,1079.73,11123.73,15995.07,22850.09,28148.3,17099.92,18932.94,17250.57,1431.26,6403.05,-4168.25,1280.61,2737.0,-7934.75,-14538.69,-14538.69,-14538.69,-14538.69,-14538.69,-14538.69,-14538.69,-14538.69,-14538.69,-14538.69,-14538.69,-14538.69,-14538.69,-14538.69,-14538.69,-14538.69,-14538.69,-14538.69,-14538.69,-14538.69,-14538.69,-14538.69,-14538.69,-14538.69,-14538.69,-14538.69,-14538.69,-18502.02,-18502.02,-18502.02,-18502.02,-18502.02,-18502.02,-18502.02,-18502.02,-18502.02,-18502.02,-18502.02,-18502.02,-18502.02,-18502.02,-18502.02,-18502.02,-18502.02,-18502.02,-18502.02,-18502.02,-18502.02,-18502.02,-18502.02,-18502.02,-18502.02,-18502.02,-18502.02,-18502.02,-18502.02,-18502.02,-18502.02,-18502.02,-18502.02,-18502.02,-18502.02,-18502.02,-18502.02,-18502.02,-18502.02,-18502.02,-18502.02,-18502.02,-18502.02,-18502.02,-18502.02,-18502.02,-18502.02,-18502.02,-18502.02
